Nationality ,FIFA Ranking ,National Team Kit Sponsor,Position,National Team Jersey Number,Player DOB,Club ,Player Name , Appearances,Goals Scored ,Assists Provided ,Dribbles per 90,Interceptions per 90,Tackles per 90,Total Duels Won per 90,Save Percentage,Clean Sheets,Brand Sponsor/Brand Used
Argentina,2,Adidas,GK,23,2-Sep-92,Aston Villa,Emiliano Martinez,7,0,0,0,0,0,0.65,46.67%,43%,Adidas
Argentina,2,Adidas,GK,1,16-Oct-86,River,Franco Armani,0,-,-,-,-,-,-,-,-,Nike
Argentina,2,Adidas,GK,12,20-May-92,Villarreal,Geronimo Rulli,0,-,-,-,-,-,-,-,-,Adidas
Argentina,2,Adidas,DF,19,12-Feb-88,Benfica,Nicolas Otamendi,7,0,1,0.33,1.17,1.3,7.17,-,-,Nike
Argentina,2,Adidas,DF,8,28-Oct-91,Sevilla,Marcos Acuna,6,0,0,1.45,0.48,2.9,7.97,-,-,Nike
Argentina,2,Adidas,DF,3,31-Aug-92,Lyon,Nicolas Tagliafico,6,0,0,0.48,2.17,1.69,5.07,-,-,Nike
Argentina,2,Adidas,DF,6,27-Jun-91,Real Betis,German Pezzella,3,0,0,0,0,0,3.16,-,-,Nike
Argentina,2,Adidas,DF,26,6-Apr-98,Atletico Madrid,Nahuel Molina,7,1,1,0.32,0.47,1.42,1.58,-,-,Nike
Argentina,2,Adidas,DF,4,1-Jan-97,Sevilla,Gonzalo Montiel,4,0,0,0.77,0.77,2.31,5.39,-,-,NIke
Argentina,2,Adidas,DF,2,12-Jan-98,Villarreal,Juan Foyth,1,0,0,N.A,0,0,N.A,-,-,Adidas
Argentina,2,Adidas,DF,13,27-Apr-98,Tottenham,Cristian Romero,7,0,0,0.16,0.49,0.82,5.09,-,-,Nike
Argentina,2,Adidas,DF,25,18-Jan-98,Manchester United,Lisandro Martinez,5,0,0,0.3,0.9,1.5,4.19,-,-,Adidas
Argentina,2,Adidas,MF,5,29-Jun-94,Juventus,Leandro Paredes,5,0,0,0.4,1.21,4.02,9.24,-,-,Nike
Argentina,2,Adidas,MF,7,24-May-94,Atletico Madrid,Rodrigo De Paul,7,0,0,0.6,1.05,1.79,4.64,-,-,Adidas
Argentina,2,Adidas,MF,18,12-Apr-94,Real Betis,Guido Rodriguez,1,0,0,0,0,3.16,6.32,-,-,Adidas
Argentina,2,Adidas,MF,14,5-Oct-98,Bayer Leverkusen,Exequiel Palacios,3,0,0,0,3.83,1.91,7.66,-,-,Adidas
Argentina,2,Adidas,MF,20,24-Dec-98,Brighton,Alexis Mac Allister,6,1,1,0.97,0.49,1.46,5.85,-,-,Adidas
Argentina,2,Adidas,MF,24,17-Jan-01,Benfica,Enzo Fernandez,7,1,1,0.8,0.48,3.52,7.83,,-,Nike
Argentina,2,Adidas,MF,17,26-Apr-01,Atlanta United,Alejandro Gomez,2,0,0,0.83,0.83,1.65,8.26,-,-,Adidas
Argentina,2,Adidas,FW,10,24-Jun-87,PSG,Lionel Messi _Ÿêê,7,7,3,3.78,0,0.65,6.39,-,-,Adidas
Argentina,2,Adidas,FW,22,22-Aug-97,Inter,Lautaro Martinez,6,0,0,1.89,0.38,0,6.81,-,-,Nike
Argentina,2,Adidas,FW,21,15-Nov-93,Roma,Paulo Dybala,2,0,0,5.62,0,N.A,N.A,-,-,Adidas
Argentina,2,Adidas,FW,16,26-Apr-01,Inter,Thiago Almada,1,0,0,0,0,0,0,-,-,Adidas
Argentina,2,Adidas,FW,9,31-Jan-00,Manchester City,Julian Alvarez,7,4,0,0.58,0,0.77,1.93,,-,Adidas
Argentina,2,Adidas,FW,11,14-Feb-88,Juventus,Angel Di Maria,5,1,1,6.83,0.31,0.93,7.14,-,-,Adidas
Argentina,2,Adidas,FW,15,9-Mar-95,Atletico Madrid,Angel Correa,1,0,0,0,0,N.A,N.A,-,-,Nike
France,3,Nike,GK,1,26-Dec-86,Tottenham,Hugo Lloris,6,-,-,-,-,-,1.1,70.83%,17%,Nike
France,3,Nike,GK,23,27-Feb-93,West Ham United,Alphonse Areola,-,-,-,-,-,-,-,-,-,Nike
France,3,Nike,GK,16,28-Mar-85,Rennes,Steve Mandanda,1,-,-,-,-,-,0,66.67%,0%,Puma
France,3,Nike,DF,2,28-Mar-96,Bayern Munich,Benjamin Pavard,1,0,0,0,1.01,0,0,-,-,Adidas
France,3,Nike,DF,5,12-Nov-98,Barcelona,Jules Kounde,6,0,0,0.56,1.12,2.06,4.87,-,-,Adidas
France,3,Nike,DF,4,25-Apr-93,Man Utd,Raphael Varane,6,0,0,0.17,1.04,0.17,1.9,-,-,Puma
France,3,Nike,DF,3,11-Mar-98,PSG,Axel Disasi,3,0,0,2,2,4,14,-,-,Nike
France,3,Nike,DF,17,24-Mar-01,Arsenal,William Saliba,1,0,0,3.33,0,0,6.67,-,-,Nike
France,3,Nike,DF,22,6-Oct-94,AC Milan,Theo Hernandez,6,1,2,0.35,0.71,2.83,8.68,-,-,Nike
France,3,Nke,DF,21,14-Feb-96,Bayern Munich,Lucas Hernandez,1,0,0,0,0,6.92,6.92,-,-,NIke
France,3,Nike,DF,24,25-May-99,Liverpool,Ibrahima Konate,5,0,0,0,2.16,4.62,8.94,-,-,Nike 
France,3,Nike,DF,18,27-Oct-98,Bayern Munich,Dayot Upamecano,5,0,0,0,1.12,2.06,5.25,-,-,Nike
France,3,Nike,MF,14,3-Apr-95,Juventus,Adrien Rabiot,6,1,1,0.75,1.86,2.24,8.95,-,-,Nike
France,3,Nike,MF,8,27-Jan-00,Real Madrid,Aurelien TchouamÃ©ni,7,1,0,0.72,2.02,1.59,4.91,-,-,Nike
France,3,Nike,MF,19,10-Jan-99,Monaco,Youssouf Fofana,6,0,0,0.8,1.21,3.21,5.22,-,-,Adidas
France,3,Nike,MF,6,14-Apr-99,Marseille,Matteo Guendouzi,1,0,0,0,0,1.14,4.56,-,-,Adidas
France,3,Nike,MF,15,1-Mar-99,Marseille,Jordan Veretout,1,0,0,0,0,2.86,2.86,-,-,Adidas
France,3,Nike,MF,25,10-Nov-02,Real Madrid,Eduardo Camavinga,2,0,0,1.94,1.94,9.06,17.48,-,-,Nike
France,3,Nike,FW,20,13-Jun-96,Bayern Munich,Kingsley Coman,6,0,0,4.91,1.64,1.64,8.73,-,-,Puma
France,3,Nike,FW,10,20-Dec-98,PSG,Kylian Mbappe,7,8,2,7.24,0,0,5.12,-,-,Nike
France,3,Nike,FW,9,30-Sep-86,AC Milan,Olivier Giroud,6,4,0,0,0.21,0.21,9.12,-,-,Puma
France,3,Nike,FW,7,21-Mar-91,Atletico Madrid,Antoine Griezmann,7,0,3,1.51,1.34,2.34,6.19,-,-,Puma
France,3,Nike,FW,11,15-May-97,Barcelona,Ousmane Dembele,7,0,2,3.9,0.62,2.47,5.75,-,-,Nike
France,3,Nike,FW,12,5-Dec-98,Eintracht Frankfurt,Randal Kolo Muani,3,1,0,3.5,0.5,3.5,16.5,-,-,Nike
France,3,Nike,FW,26,6-Aug-97,Borussia Monchengladbach,Marcus Thuram,5,1,2,5.55,0,1.85,18.49,-,-,Nike
Croatia,7,Nike,GK,1,9-Jan-95,Dinamo Zagreb,Dominik Livakovic,7,-,-,-,-,-,0.26,78.12%,28%,Adidas
Croatia,7,Nike,GK,23,1-Feb-95,Osijek,Ivica Ivusic,-,-,-,-,-,-,-,-,-,Nike
Croatia,7,Nike,GK,12,18-Jan-96,Atletico Madrid,Ivo Grbic,-,-,-,-,-,-,-,-,-,Nike
Croatia,7,Nike,DF,21,29-Apr-89,AEK Athens,Domagoj Vida,N.A,N.A,N.A,N.A,N.A,N.A,N.A,-,-,Nike
Croatia,7,Nike,DF,6,5-Jul-89,Zenit,Dejan Lovren,6,0,1,0,1.38,0.9,6.34,-,-,Puma
Croatia,7,Nike,DF,3,10-Nov-92,Rangers,Borna Barisic,1,0,0,0,0,0.75,11.25,-,-,Nike
Croatia,7,Nike,DF,22,16-Aug-95,Celtic,Josip Juranovic,6,0,1,0.3,0.3,1.8,3.15,-,-,Adidas
Croatia,7,Nike,DF,19,21-Jan-98,Stuttgart,Borna Sosa,5,0,0,0.85,0.42,2.96,5.5,-,-,Adidas
Croatia,7,Nike,DF,20,23-Jan-02,RB Leipzig,Josko Gvardiol,7,1,0,0.13,1.57,1.3,3,-,-,Adidas
Croatia,7,Nike,DF,2,2-Apr-00,Bayern Munich,Josip Stanisic,1,0,0,0,1,3,7,-,-,Adidas
Croatia,7,Nike,DF,5,24-Jan-98,Sassuolo,Martin Erlic,N.A,N.A,N.A,N.A,N.A,N.A,N.A,-,-,Nike
Croatia,7,Nike,DF,24,28-Feb-00,Dinamo Zagreb,Josip Sutalo,1,0,0,0,0,0,0,-,-,Adidas
Croatia,7,Nike,MF,10,9-Sep-85,Real Madrid,Luka Modric,7,0,0,1.37,1.23,2.06,5.35,-,-,Nike
Croatia,7,Nike,MF,8,6-May-94,Chelsea,Mateo Kovacic,7,0,0,2.39,0.56,3.38,7.31,-,-,Nike
Croatia,7,Nike,MF,11,16-Nov-92,Inter,Marcelo Brozovic,6,0,0,0.97,0.65,2.11,6.01,-,-,Nike
Croatia,7,Nike,MF,15,9-Feb-95,Atalanta,Mario Pasalic,7,0,0,1.35,1.01,2.36,7.08,-,-,Adidas
Croatia,7,Nike,MF,13,4-Oct-97,Torino,Nikola Vlasic,6,0,0,2.18,0.44,0.44,6.11,-,-,Nike
Croatia,7,Nike,MF,7,17-Jan-98,Rennes,Lovro Majer,7,1,0,1.43,0.71,2.14,4.29,-,-,Nike
Croatia,7,Nike,MF,26,14-May-97,Eintracht Frankfurt,Kristijan Jakic,1,N.A,N.A,N.A,N.A,N.A,N.A,-,-,Adidas
Croatia,7,Nike,MF,25,8-Sep-02,Red Bull Salzburg,Luka Sucic,N.A,N.A,N.A,N.A,N.A,N.A,N.A,-,-,Nike
Croatia,7,Nike,FW,4,2-Feb-89,Tottenham,Ivan Perisic,7,1,3,1.61,0.94,0.8,6.03,-,-,Nike
Croatia,7,Nike,FW,9,19-Jun-91,Hoffenheim,Andrej Kramaric,7,2,0,1.31,0,0.56,2.06,-,-,Adidas
Croatia,7,Nike,FW,16,16-Sep-97,Dinamo Zagreb,Bruno Petkovic,6,1,0,1.17,0,2.35,14.48,-,-,Nike
Croatia,7,Nike,FW,18,29-Dec-92,Dinamo Zagreb,Mislav Orsic,6,1,2,1.71,0,1.71,2.28,-,-,Nike
Croatia,7,Nike,FW,17,22-Jul-91,Osasuna,Ante Budimir,2,0,0,0,0,1.67,N.A,-,-,Puma
Croatia,7,Nike,FW,14,26-Aug-93,Hajduk Split,Marko Livaja,6,1,1,0.75,0.37,0.37,4.48,-,-,Adidas
Morocco ,11,Puma,GK,1,5-Apr-91,Sevilla,Yassine Bounou,6,-,-,-,-,-,0.64,58.33%,50%,Nike
Morocco ,11,Puma,GK,12,10-May-89,Al Wehda,Munir Mohamedi,1,-,-,-,-,-,-,100%,100%,Nike
Morocco ,11,Puma,GK,22,5-Apr-96,Wydad AC,Ahmed Reda Tagnaouti,0,-,-,-,-,-,-,0,0,Nike
Morocco ,11,Puma,DF,2,4-Nov-98,PSG,Achraf Hakimi,7,0,1,1.56,1.28,3.84,7.39,-,-,Adidas
Morocco ,11,Puma,DF,3,14-Nov-97,Bayern Munich,Noussair Mazraoui,5,0,0,0.98,0.24,3.42,4.4,-,-,Nike
Morocco ,11,Puma,DF,5,30-Mar-96,West Ham,Nayef Aguerd,4,0,0,0,0.76,1.02,3.56,-,-,Adidas
Morocco ,11,Puma,DF,6,26-Mar-90,Besiktas,Roman Saiss,6,0,0,0.19,0.58,0.77,3.47,-,-,Nike
Morocco ,11,Puma,DF,20,6-May-99,Brest,Achraf Dari,3,1,0,0,2.89,0.48,5.78,-,-,Nike
Morocco ,11,Puma,DF,25,2-Mar-95,Wydad AC,Yahia Attiyat Allah,6,0,1,0.29,0,1.15,2.01,-,-,Nike
Morocco ,11,Puma,DF,24,30-Sep-93,Qatar SC,Badr Benoun,3,0,0,0,1.76,0,0,-,-,Nike
Morocco ,11,Puma,DF,18,29-Feb-92,Valladolid,Jawad El Yamiq,6,0,0,0,1.46,1.17,5.26,-,-,Puma
Morocco ,11,Puma,MF,4,21-Aug-96,Fiorentina,Sofyan Amrabat,7,0,0,0.14,0.82,2.32,3.68,-,-,Adidas
Morocco ,11,Puma,MF,11,28-Nov-96,Sampdoria,Abdelhamid Sabiri,5,1,0,1.5,2.5,1.5,4,-,-,Nike
Morocco ,11,Puma,MF,15,15-Nov-96,Standard Liege,Selim Amallah,7,0,0,0.66,1.76,2.85,6.37,-,-,Nike
Morocco ,11,Puma,MF,8,19-Apr-00,Angers,Azzedine Ounahi,7,0,0,1.89,0.95,1.26,5.21,-,-,Adidas
Morocco ,11,Puma,MF,23,10-May-04,Genk,Bilal El Khannous,1,0,0,0,0,0,1.61,-,-,Adidas
Morocco ,11,Puma,MF,26,18-Jun-91,Wydad AC,Yahya Jabrane,2,0,0,0,0,0,0,-,-,Adidas
Morocco ,11,Puma,FW,7,19-Mar-93,Chelsea,Hakim Ziyech,7,1,1,3.67,1.27,1.41,4.65,-,-,Nike
Morocco ,11,Puma,FW,17,17-Sep-93,Angers,Sofiane Boufal,7,0,0,4.11,0.37,1.87,8.03,-,-,Nike
Morocco ,11,Puma,FW,14,18-Feb-00,Toulouse,Zakaria Aboukhlal,4,1,0,1.23,1.23,0,4.94,-,-,Adidas
Morocco ,11,Puma,FW,10,7-Nov-00,Burnley,Anass Zaroury,1,0,0,N.A,N.A,N.A,N.A,-,-,Puma
Morocco ,11,Puma,FW,16,17-Dec-01, Osasuna,Abde Ezzalzouli,3,0,0,N.A,N.A,N.A,N.A,-,-,Adidas
Morocco ,11,Puma,FW,13,30-Oct-97,QPR,Ilias Chair,1,0,0,2.05,0,2.05,2.05,-,-,Nike
Morocco ,11,Puma,FW,19,1-Jun-97,Sevilla,Youssef En-Nesyri,7,2,0,1.15,0.16,0.66,8.23,-,-,Adidas
Morocco ,11,Puma,FW,21,22-Jan-98,Bari,Walid Cheddira,2,0,0,1.43,0,1.43,7.15,-,-,Lotto
Morocco ,11,Puma,FW,9,17-Dec-90,Al-Ittihad,Abderrazak Hamdallah,4,0,0,4.22,0,1.41,N.A,-,-,Nike
Netherlands ,6,Nike,GK,13,22-Jan-98,Feyenoord,Justin Bijlow,0,-,-,-,-,-,-,-,-,Adidas
Netherlands ,6,Nike,GK,1,8-Nov-83,Ajax,Remko Pasveer,0,-,-,-,-,-,-,-,-,Adidas
Netherlands ,6,Nike,GK,23,7-Apr-94,Heerenveen,Andries Noppert,5,-,-,-,-,-,-,81.82%,40%,Nike
Netherlands ,6,Nike,DF,17,9-Mar-90,Ajax,Daley Blind,5,1,1,0.42,1.06,2.76,4.88,-,-,Adidas
Netherlands ,6,Nike,DF,6,5-Feb-92,Inter,Stefan de Vrij,N.A,N.A,N.A,N.A,N.A,N.A,N.A,-,-,Nike
Netherlands ,6,Nike,DF,4,8-Jul-91,Liverpool,Virgil van Dijk,5,0,0,0,0.75,0.38,9,-,-,Nike
Netherlands ,6,Nike,DF,3,12-Aug-99,Bayern Munich,Matthijs de Ligt,2,0,0,0,0,0,9,-,-,Nike
Netherlands ,6,Nike,DF,22,18-Apr-96,Inter,Denzel Dumfries,5,1,2,1.12,1.31,1.5,6.19,-,-,Adidas
Netherlands ,6,Nike,DF,5,18-Feb-95,Manchester City,Nathan Ake,5,0,0,0,1.5,1.12,6,-,-,Nike
Netherlands ,6,Nike,DF,2,17-Jun-01,Ajax,Jurrien Timber,4,0,0,N.A,N.A,N.A,N.A,-,-,Nike
Netherlands ,6,Nike,DF,16,17-Jun-99,Manchester United,Tyrell Malacia,N.A,N.A,N.A,N.A,N.A,N.A,N.A,-,-,Nike
Netherlands ,6,Nike,DF,26,10-Dec-00,Bayer Leverkusen,Jeremie Frimpong,N.A,N.A,N.A,N.A,N.A,N.A,N.A,-,-,Puma
Netherlands ,6,Nike,MF,21,12-May-97,Barcelona,Frenkie de Jong,5,1,1,1.13,1.13,2.65,7.18,-,-,Nike
Netherlands ,6,Nike,MF,11,19-Dec-91,Ajax,Steven Berghuis,4,0,1,1.82,0,0.91,2.27,-,-,Nike
Netherlands ,6,Nike,MF,15,29-Mar-91,Atalanta,Maarten de Roon,5,0,0,0,0.98,3.42,7.34,-,-,Adidas
Netherlands ,6,Nike,MF,20,28-Feb-98,Atalanta,Teun Koopmeiners,5,0,1,0.41,1.24,4.15,9.12,-,-,Adidas
Netherlands ,6,Nike,MF,24,16-May-02,Ajax,Kenneth Taylor,1,0,0,0,0,0,0,-,-,Adidas
Netherlands ,6,Nike,MF,25,21-Apr-03,PSV,Xavi Simons,1,0,0,0,12.86,0,N.A,-,-,Nike
Netherlands ,6,Nike,MF,14,21-Feb-93,Ajax,Davy Klaassen,4,1,2,0.47,0.47,1.41,3.75,-,-,Nike
Netherlands ,6,Nike,FW,10,13-Feb-94,Barcelona,Memphis Depay,2,1,0,3.88,0,1.55,6.21,-,-,Puma
Netherlands ,6,Nike,FW,9,27-Aug-90,PSV,Luuk de Jong,1,0,0,0,0,3.21,14.46,-,-,Adidas
Netherlands ,6,Nike,FW,7,8-Oct-97,Ajax,Steven Bergwijn,4,0,0,0.84,0,0.42,2.09,-,-,Adidas
Netherlands ,6,Nike,FW,18,15-Jun-94,Antwerp,Vincent Janssen,2,0,0,0,0,2.09,6.28,-,-,Nike
Netherlands ,6,Nike,FW,19,7-Aug-92,Besiktas,Wout Weghorst,4,2,0,0,0,0,4.43,-,-,Adidas
Netherlands ,6,Nike,FW,8,7-May-99,PSV,Cody Gakpo,5,3,0,1.78,0.59,1.59,5.35,-,-,Puma
Netherlands ,6,Nike,FW,12,17-Jun-99,Club Brugge,Noa Lang,1,0,0,0,12.86,0,0,-,-,Adidas
England,5,Nike,GK,1,7-Mar-94,Everton,Jordan Pickford,5,-,-,-,-,-,-,63.64%,60%,Puma
England,5,Nike,GK,13,19-Apr-92,Newcastle United,Nick Pope,N.A,N.A,N.A,N.A,N.A,N.A,N.A,-,-,Nike
England,5,Nike,GK,23,14-May-98,Arsenal,Aaron Ramsdale,N.A,N.A,N.A,N.A,N.A,N.A,N.A,-,-,Adidas
England,5,Nike,DF,18,7-Oct-98,Liverpool,Trent Alexander-Arnold,1,0,0,0,0,0,0,-,-,Under Armour
England,5,Nike,DF,16,25-Feb-93,Everton,Conor Coady,N.A,N.A,N.A,N.A,N.A,N.A,N.A,-,-,Adidas
England,5,Nike,DF,15,15-Jan-94,Tottenham,Eric Dier,2,0,0,0,0,2.65,7.94,-,-,Nike
England,5,Nike,DF,6,5-Mar-93,Manchester United,Harry Maguire,5,0,1,0.42,0.84,1.47,8.16,-,-,Puma
England,5,Nike,DF,3,12-Jul-95,Manchester United,Luke Shaw,5,0,1,0.42,1.06,0.64,3.18,-,-,Adidas
England,5,Nike,DF,5,28-May-94,Manchester City,John Stones,5,0,0,0.21,0.21,0.41,3.3,-,-,Nike
England,5,Nike,DF,12,19-Sep-90,Newcastle United,Kieran Trippier,3,0,0,0.88,0.44,2.63,6.59,-,-,Adidas
England,5,Nike,DF,2,28-May-90,Manchester City,Kyle Walker,3,0,0,0.76,0.76,1.14,6.08,-,-,Puma
England,5,Nike,MF,22,29-Jun-03,Borussia Dortmund,Jude Bellingham,5,1,1,3.04,1.3,3.26,8.26,-,-,Adidas
England,5,Nike,MF,26,6-Feb-00,Chelsea,Conor Gallagher,N.A,N.A,N.A,N.A,N.A,N.A,N.A,-,-,Nike
England,5,Nike,MF,8,17-Jun-90,Liverpool,Jordan Henderson,4,1,0,0,0.33,1.32,3.96,-,-,Nike
England,5,Nike,MF,19,10-Jan-99,Chelsea,Mason Mount,4,0,0,1.45,0,0.97,6.29,-,-,Nike
England,5,Nike,MF,14,2-Dec-95,Manchester City,Kalvin Phillips,2,0,1,0,0,0,0,-,-,Adidas
England,5,Nike,MF,4,14-Jan-99,West Ham United,Declan Rice,5,0,0,0.43,2.37,1.29,3.02,-,-,Adidas
England,5,Nike,MF,20,28-May-00,Manchester City,Phil Foden,4,1,2,1.39,0.35,0.35,4.86,-,-,Nike
England,5,Nike,MF,7,10-Sep-95,Manchester City,Jack Grealish,5,1,0,5.49,3.29,3.29,17.56,-,-,Nike
England,5,Nike,FW,9,28-Jul-93,Tottenham,Harry Kane,5,2,3,1.57,0,0.45,6.94,-,-,Nike
England,5,Nike,FW,25,13-Nov-96,Leicester City,James Maddison,N.A,N.A,N.A,N.A,N.A,N.A,N.A,-,-,Puma
England,5,Nike,FW,11,31-Oct-97,Manchester United,Marcus Rashford,5,3,0,5.26,0.66,0.66,4.6,-,-,Nike
England,5,Nike,FW,17,5-Sep-01,Arsenal,Bukayo Saka,4,3,0,2.47,0.62,2.16,5.24,-,-,New Balance
England,5,Nike,FW,10,8-Dec-94,Chelsea,Raheem Sterling,3,1,1,1.81,0.6,0.6,4.22,-,-,New Balance
England,5,Nike,FW,24,27-Feb-92,Newcastle United,Callum Wilson,2,0,1,0,0,0,0,-,-,Nike
Brazil,1,Nike,GK,1,2-Oct-92,Liverpool,Alisson,4,-,-,-,-,-,-,71.43%,50%,Nike
Brazil,1,Nike,GK,23,17-Aug-93,Manchester City,Ederson,1,-,-,-,-,-,-,66.67%,0%,Puma
Brazil,1,Nike,GK,12,13-Dec-87,Palmeiras,Weverton,1,-,-,-,-,-,-,0%,0%,Puma
Brazil,1,Nike,DF,13,6-May-83,UNAM,Dani Alves,2,0,0,0.77,1.54,3.85,7.69,-,-,Adidas
Brazil,1,Nike,DF,3,22-Sep-84,Chelsea,Thiago Silva,4,0,1,0,1.15,0.69,4.15,-,-,Puma
Brazil,1,Nike,DF,4,14-May-94,PSG,Marquinhos,5,0,0,0.21,0.42,1.06,3.39,-,-,Nike
Brazil,1,Nike,DF,2,15-Jul-91,Juventus,Danilo,3,0,0,0,0.96,1.6,4.47,-,-,Nike
Brazil,1,Nike,DF,6,26-Jan-91,Juventus,Alex Sandro,3,0,0,0.95,1.42,3.79,7.11,-,-,Puma
Brazil,1,Nike,DF,14,18-Jan-98,Real Madrid,Eder Militao,4,0,0,0,0.77,1.55,4.38,-,-,Adidas
Brazil,1,Nike,DF,16,15-Dec-92,Sevilla,Alex Telles,1,0,0,0,0,3.1,6.21,-,-,Adidas
Brazil,1,Nike,DF,24,18-Mar-97,Juventus,Bremer,2,0,0,0,0.83,0.83,9.17,-,-,Puma
Brazil,1,Nike,MF,5,23-Feb-92,Manchester United,Casemiro,4,1,0,0.46,1.38,2.54,4.84,-,-,Nike
Brazil,1,Nike,MF,7,27-Aug-97,West Ham,Lucas Paqueta,4,1,1,0.28,0.61,2.58,8.65,-,-,Nike
Brazil,1,Nike,MF,15,23-Oct-93,Liverpool,Fabinho,1,0,0,0,1,3,5,-,-,Adidas
Brazil,1,Nike,MF,8,5-Mar-93,Manchester United,Fred,4,0,0,0.64,0,1.28,3.83,-,-,Nike
Brazil,1,Nike,MF,22,10-Apr-89,Flamengo,Everton Ribeiro,1,0,0,2.5,0,2.5,2.5,-,-,Nike
Brazil,1,Nike,MF,17,16-Nov-97,Newcastle United,Bruno Guimaraes,2,0,0,2.5,0,0,5,-,-,Adidas
Brazil,1,Nike,FW,10,5-Feb-92,PSG,Neymar,3,2,1,5.81,0.32,0.32,7.1,-,-,Puma
Brazil,1,Nike,FW,18,3-Apr-97,Arsenal,Gabriel Jesus,3,0,0,1.96,1.96,1.96,8.81,-,-,Adidas
Brazil,1,Nike,FW,9,10-May-97,Tottenham,Richarlison,4,3,0,1.1,0.28,0.55,4.41,-,-,Nike
Brazil,1,Nike,FW,20,12-Jul-00,Real Madrid,Vinicius Jr,4,1,2,3.89,0,1.2,4.49,-,-,Nike
Brazil,1,Nike,FW,19,24-Feb-00,Manchester United,Antony,4,0,0,6.84,0.53,1.58,6.85,-,-,Puma
Brazil,1,Nike,FW,11,14-Dec-96,Barcelona,Raphinha,5,0,0,2.84,0.85,2.27,4.54,-,-,Adidas
Brazil,1,Nike,FW,21,9-Jan-01,Real Madrid,Rodrygo,5,0,1,3.02,1.01,2.01,5.53,-,-,Nike
Brazil,1,Nike,FW,26,18-Jun-01,Arsenal,Gabriel Matinelli,2,0,0,5.68,0,1.62,6.49,-,-,Adidas
Brazil,1,Nike,FW,25,20-Jun-97,Flamengo,Pedro,2,0,0,0,1.45,2.9,14.51,-,-,Adidas
Portugal,9,Nike,GK,22,19-Sep-99,Porto,Diogo Costa,5,-,-,-,-,-,-,64.17%,20%,Adidas
Portugal,9,Nike,GK,1,15-Feb-88,Roma,Rui Patricio,0,-,-,-,-,-,-,-,-,Puma
Portugal,9,Nike,GK,12,17-Jan-93,Wolves,Jose Sa,0,-,-,-,-,-,-,-,-,Adidas
Portugal,9,Nike,DF,2,18-Mar-99,Manchester United,Diogo Dalot,3,0,1,0.69,0.69,2.78,7.64,-,-,Nike
Portugal,9,Nike,DF,13,9-Sep-91,PSG,Danilo Pereira,1,0,0,1,3,1,14,-,-,Nike
Portugal,9,Nike,DF,3,26-Feb-83,Porto,Pepe,4,1,0,0.25,1.5,1.25,7.25,-,-,Adidas
Portugal,9,Nike,DF,4,14-May-97,Manchester City,Ruben Dias,4,0,0,0,0.75,0.75,3.75,-,-,Nike
Portugal,9,Nike,DF,24,"30 October, 2003",Benfica,Antonio Silva,1,0,0,0,1,1,5,-,-,Adidas
Portugal,9,Nike,DF,19,19-Jun-02,PSG,Nuno Mendes,1,0,0,4.29,4.29,0,12.85,-,-,Adidas
Portugal,9,Nike,DF,20,27-May-94,Manchester City,Joao Cancelo,4,0,0,2.62,0.58,2.04,10.19,-,-,Nike
Portugal,9,Nike,DF,5,22-Dec-93,Borussia Dortmund,Raphael Guerreiro,4,1,2,0.65,0.97,0.97,3.23,-,-,Adidas
Portugal,9,Nike,MF,6,9-Jul-95,Fulham,Joao Palhinha,3,0,0,2.57,2.57,5.14,5.14,-,-,Adidas
Portugal,9,Nike,MF,18,13-Mar-97,Wolves,Ruben Neves,5,0,0,0,0.66,0.33,2.32,-,-,Nike
Portugal,9,Nike,MF,10,10-Aug-94,Manchester City,Bernardo Silva,5,0,0,0.5,0.5,0.5,1.76,-,-,Adidas
Portugal,9,Nike,MF,8,8-Sep-94,Manchester United,Bruno Fernandes,4,2,3,0.76,0.5,0.76,4.28,-,-,Nike
Portugal,9,Nike,MF,17,19-Jan-93,Benfica,Joao Mario,2,0,0,1.08,0,2.17,2.17,-,-,Nike
Portugal,9,Nike,MF,23,27-Aug-98,Wolves,Matheus Nunes,2,0,0,1.23,0,0,3.7,-,-,Adidas
Portugal,9,Nike,MF,25,9-Feb-95,Porto,Otavio,3,0,0,N.A,N.A,N.A,N.A,-,-,Adidas
Portugal,9,Nike,MF,14,7-Apr-92,Real Betis,William Carvalho,4,0,0,0,0,2.51,6.69,-,-,Nike
Portugal,9,Nike,MF,16,13-Feb-00,PSG,Vitinha,3,0,0,1.51,0,2.27,5.29,-,-,Nike
Portugal,9,Nike,FW,24,6-Nov-95,RB Leipzig,Andre Silva,1,0,0,0,0,0,7.2,-,-,Nike
Portugal,9,Nike,FW,7,5-Feb-85,-,Cristiano Ronaldo _Ÿêê,5,1,0,0.62,0,0,6.49,-,-,Nike
Portugal,9,Nike,FW,26,20-Jun-01,Benfica,Goncalo Ramos,4,3,1,1.18,0,0.59,7.11,-,-,Nike
Portugal,9,Nike,FW,11,10-Nov-99,Atletico Madrid,Joao Felix,4,1,2,2.16,1.08,0.54,5.13,-,-,Adidas
Portugal,9,Nike,FW,15,10-Jun-99,AC Milan,Rafael Leao,5,2,0,6.51,1.08,0,7.59,-,-,Adidas
Portugal,9,Nike,FW,21,15-Sep-94,SC Braga,Ricardo Horta,3,1,0,0,0.76,1.53,2.29,-,-,Nike
Australia,27,Nike,GK,1,8-Apr-92,Copenhagen,Mat Ryan,4,-,-,-,-,-,-,66.67%,50%,Nike
Australia,27,Nike,GK,18,27-Mar-85,Central Coast Mariners,Danny Vukovic,-,-,-,-,-,-,-,-,-,Adidas
Australia,27,Nike,GK,12,13-Jan-89,Sydney,Andrew Redmayne,-,-,-,-,-,-,-,-,-,Adidas
Australia,27,Nike,DF,16,16-Oct-90,Dundee United,Aziz Behic,4,0,0,3,0.75,2,5.5,-,-,Mizuno
Australia,27,Nike,DF,2,28-Apr-94,Columbus Crew,Milos Degenek,4,0,0,1.49,0.5,2.49,11.93,-,-,Adidas
Australia,27,Nike,DF,8,28-Jul-92,Sunderland,Bailey Wright,1,0,0,0,0,0,11.24,-,-,Nike
Australia,27,Nike,DF,5,12-May-96,Brescia,Fran Karacic,2,0,0,0,1.91,2.87,10.53,-,-,Nike
Australia,27,Nike,DF,19,22-Oct-98,Stoke City,Harry Souttar,4,0,0,0,1.5,1,7.25,-,-,Nike
Australia,27,Nike,DF,3,13-Jun-99,Hearts,Nathaniel Atkinson,1,0,0,2.12,1.06,4.24,4.24,-,-,Puma
Australia,27,Nike,DF,24,30-Oct-00,OB,Joel King,N.A,N.A,N.A,N.A,N.A,N.A,N.A,-,-,Nike
Australia,27,Nike,DF,4,24-Jun-98,Hearts,Kye Rowles,4,0,0,0,1.75,2.25,4.25,-,-,Adidas
Australia,27,Nike,DF,20,20-Mar-97,Albirex Niigata,Thomas Deng,N.A,N.A,N.A,N.A,N.A,N.A,N.A,-,-,Nike
Australia,27,Nike,MF,13,15-Sep-90,Celtic,Aaron Mooy,4,0,0,0.75,0.5,2.25,4,-,-,Nike
Australia,27,Nike,MF,22,7-Mar-93,St Pauli,Jackson Irvine,4,0,0,0.51,0.51,1.01,6.08,-,-,Adidas
Australia,27,Nike,MF,10,5-Jul-96,Hellas Verona,Ajdin Hrustic,2,0,0,6.1,1.53,1.53,6.1,-,-,Nike
Australia,27,Nike,MF,14,2-Nov-98,Middlesbrough,Riley McGree,4,0,1,0,1.67,0.67,2,-,-,Nike
Australia,27,Nike,MF,26,7-Jun-98,St Mirren,Keanu Baccus,4,0,0,0,1.61,0.8,4.82,-,-,Nike
Australia,27,Nike,MF,17,7-Jun-98,Hearts,Cameron Devlin,N.A,N.A,N.A,N.A,N.A,N.A,N.A,-,-,New Balance
Australia,27,Nike,FW,7,4-Feb-91,Melbourne City,Mathew Leckie,4,1,1,2.69,0.27,1.07,11.02,-,-,Nike
Australia,27,Nike,FW,11,15-Sep-95,Cadiz,Awer Mabil,2,0,0,4.09,4.09,0,0,-,-,Nike
Australia,27,Nike,FW,9,29-Jul-93,Melbourne City,Jamie Maclaren,3,0,0,0,1.7,0,3.4,-,-,Nike
Australia,27,Nike,FW,15,18-Jan-91,Fagiano Okayama,Mitchell Duke,4,1,0,0.66,0.66,0,8.58,-,-,Nike
Australia,27,Nike,FW,6,25-Apr-93,Hibernian,Marco Tilio,N.A,N.A,N.A,N.A,N.A,N.A,N.A,-,-,Nike
Australia,27,Nike,FW,23,16-Dec-91,Adelaide United,Craig Goodwin,4,1,0,0,0,1.52,3.04,-,-,Nike
Australia,27,Nike,FW,25,1-Aug-95,Central Coast Mariners,Jason Cummings,1,0,0,2.65,0,0,0,-,-,Nike
Australia,27,Nike,FW,21,15-Sep-04,Central Coast Mariners,Garang Kuol,2,0,0,N.A,N.A,N.A,N.A,-,-,Nike
USA,13,Nike,GK,1,24-Jun-94,Arsenal,Matt Turner,4,-,-,-,-,-,-,53.33%,50%,Nike
USA,13,,GK,12,9-Jun-95,Luton Town ,Ethan Horvath,0,-,-,-,-,-,-,-,-,Puma
USA,13,Nike,GK,25,31-May-89,New York City FC,Sean Johnson,0,-,-,-,-,-,-,-,-,Nike
USA,13,Nike,DF,20,31-Dec-97,Celtic,Cameron Carter-Vickers,1,0,0,0,0,0,9,-,-,Adidas
USA,13,Nike,DF,2,3-Nov-00,AC Milan,SergiÃ±o Dest,4,0,1,2.33,0.58,0.87,2.91,-,-,Nike
USA,13,Nike,DF,15,12-Oct-00,New York Red Bills,Aaron Long,N.A,N.A,N.A,N.A,N.A,N.A,N.A,-,-,Adidas
USA,13,Nike,DF,18,2-Nov-96,Nashville SC,Shaq Moore,2,0,0,0,0,9,18,-,-,Nike
USA,13,Nike,DF,13,5-Oct-87,Fulham,Tim Ream,4,0,0,0.25,1,1,4.75,-,-,Nike
USA,13,Nike,DF,5,8-Aug-97,Fulham,Antonee Robinson,4,0,0,1.25,1.75,1.5,5.5,-,-,Nike
USA,13,Nike,DF,26,31-Dec-02,Borussia MÃ¶nchengladbach,Joe Scally,N.A,N.A,N.A,N.A,N.A,N.A,N.A,-,-,Nike
USA,13,Nike,DF,22,9-Jul-93,Inter Miami,DeAndre Yedlin,2,0,0,0,0,5.81,11.61,-,-,Under Armour
USA,13,Nike,DF,3,19-May-93,Nashville SC,Walker Zimmerman,4,0,0,0,1.29,0.97,6.15,-,-,Adidas
USA,13,Nike,MF,11,22-Oct-00,Leeds United,Brenden Aaronson,4,0,0,6.06,0.87,2.6,6.92,-,-,Nike
USA,13,Nike,MF,23,24-Jul-95,Los Angeles FC,Kellyn Acosta,2,0,0,0,0,6.59,10.98,-,-,Nike
USA,13,Nike,MF,4,14-Feb-99,Leeds United,Tyler Adams,4,0,0,0.25,1,2.25,6.25,-,-,Nike
USA,13,Nike,MF,14,23-May-98,Celta Vigo,Luca de la Torre,N.A,N.A,N.A,N.A,N.A,N.A,N.A,-,-,Nike
USA,13,Nike,MF,8,28-Aug-98,Juventus,Weston McKennie,4,0,0,0.65,0,0.65,3.6,-,-,Adidas
USA,13,Nike,MF,6,29-Nov-02,Valencia,Yunus Musah,4,0,0,N.A,N.A,N.A,N.A,-,-,Puma
USA,13,Nike,MF,17,3-Jun-95,Seattle Sounders,Cristian Roldan,N.A,N.A,N.A,N.A,N.A,N.A,N.A,-,-,Adidas
USA,13,Nike,FW,9,24-Dec-00,Tulsa Roughnecks,JesÃºs Ferreira,1,0,0,1.96,0,1.96,5.87,-,-,Nike
USA,13,Nike,FW,16,26-Oct-94,Swansea City,Jordan Morris,2,0,0,0,0,0,0,-,-,Nike
USA,13,Nike,FW,10,18-Sep-98,Chelsea,Christian Pulisic,4,1,2,1.99,0,0.57,5.7,-,-,Puma
USA,13,Nike,FW,7,13-Nov-02,Borussia Dortmund,Gio Reyna,2,0,0,0,0,0,10.59,-,-,Adidas
USA,13,Nike,FW,21,22-Feb-00,Lille,Tim Weah,4,1,0,0.56,0,0.28,2.25,-,-,New Balance
USA,13,Nike,FW,19,27-Mar-98,Antalyaspor,Haji Wright,4,1,0,0.67,0,1.33,10,-,-,Nike
Poland ,22,Nike,GK,1,15-Apr-90,Juventus,Wojciech Szczesny,4,-,-,-,-,-,-,82.14%,50%,New Balance
Poland ,22,Nike,GK,22,8-Jan-99,FC Copenhagen,Kamil Grabara,0,-,-,-,-,-,-,-,-,Puma
Poland ,22,Nike,GK,12,5-May-91,Bologna,Lukasz Skorupski,0,-,-,-,-,-,-,-,-,Adidas
Poland ,22,Nike,DF,5,12-Apr-96,Aston Villa,Jan Bednarek,1,0,0,0,0,0,0,-,-,Adidas
Poland ,22,Nike,DF,15,3-Feb-88,Benevento,Kamil Glik,4,0,0,0,0.75,0.5,2.5,-,-,Nike
Poland ,22,Nike,DF,25,4-Jun-98,Augsburg,Robert Gumny,N.A,N.A,N.A,N.A,N.A,N.A,N.A,-,-,Puma
Poland ,22,Nike,DF,3,4-Nov-87,Legia Warsaw,Artur Jedrzejczyk,1,0,0,0,0,0,0,-,-,Adidas
Poland ,22,Nike,DF,14,15-Feb-00,Spezia,Jakub Kiwior,4,0,0,0,0.76,0.5,2.02,-,-,Adidas
Poland ,22,Nike,DF,4,11-Feb-97,Clermont,Mateusz Wieteska,N.A,N.A,N.A,N.A,N.A,N.A,N.A,-,-,Puma
Poland ,22,Nike,DF,18,12-Jul-92,Sampdoria,Bartosz Bereszynski,4,0,0,1.84,0.79,1.58,5,-,-,Puma
Poland ,22,Nike,DF,2,7-Aug-97,Aston Villa,Matty Cash,4,0,0,0.5,0,1,2.5,-,-,Under Armour
Poland ,22,Nike,DF,21,23-Jan-02,Roma,Nicola Zalewski,2,0,0,2.77,0,5.54,8.31,-,-,Nike
Poland ,22,Nike,MF,6,4-Jan-98,Birmingham City,Krystian Bielik,4,0,0,1.26,1.67,1.26,9.21,-,-,Nike
Poland ,22,Nike,MF,24,12-Apr-95,Lens,Przemyslaw Frankowski,4,0,0,0.74,1.12,2.6,5.95,-,-,Puma
Poland ,22,Nike,MF,11,8-Jun-88,Pogon Szczecin,Kamil Grosicki,1,0,0,N.A,0,0,N.A,-,-,New Balance
Poland ,22,Nike,MF,10,29-Jan-90,Al-Shabab,Grzegorz Krychowiak,4,0,0,0.54,1.35,2.43,6.74,-,-,Adidas
Poland ,22,Nike,MF,13,5-Jun-02,Wolfsburg,Jakub Kaminski,4,0,0,1.55,0,2.33,3.88,-,-,Adidas
Poland ,22,Nike,MF,26,15-Feb-00,Lech Poznan,Michal Skoras,1,0,0,0,2.05,0,8.19,-,-,Puma
Poland ,22,Nike,MF,8,16-Jun-95,AEK Athens,Damian Szymanski,1,0,0,0,3.21,0,0,-,-,Mizuno
Poland ,22,Nike,MF,19,10-May-99,Feyenoord,Sebastian Szymanski,2,0,0,1.33,1.33,4,8,-,-,Nike
Poland ,22,Nike,MF,20,20-May-94,Napoli,Piotr Zielinski,4,1,0,0.82,0.27,1.91,2.73,-,-,Nike
Poland ,22,Nike,MF,17,25-Sep-97,Fiorentina,Szymon Zurkowski,N.A,N.A,N.A,N.A,N.A,N.A,N.A,-,-,Nike
Poland ,22,Nike,FW,9,21-Aug-88,Barcelona,Robert Lewandowski,4,2,1,2.75,0.5,0.75,12.5,-,-,Nike
Poland ,22,Nike,FW,7,28-Feb-94,Juventus,Arkadiusz Milik,3,0,0,0,0,0,9,-,-,Adidas
Poland ,22,Nike,FW,23,1-Jul-95,Salernitana,Krzysztof Piatek,2,0,0,0,0,0,17.3,-,-,Adidas
Poland ,22,Nike,FW,16,23-Jan-97,Charlotte FC,Karol Swiderski,1,0,0,0,3.91,7.83,N.A,-,-,Adidas
Senegal,19,Puma,GK,16,1-Mar-92,Chelsea,Edouard Mendy,4,-,-,-,-,-,-,50%,0%,Adidas
Senegal,19,Puma,GK,23,5-Sep-93,Rennes,Alfred Gomis,-,-,-,-,-,-,-,-,-,Adidas
Senegal,19,Puma,GK,1,23-Nov-94,QPR,Seny Dieng,-,-,-,-,-,-,-,-,-,Nike
Senegal,19,Puma,DF,2,2-Jan-01,Amiens,Formose Mendy,N.A,N.A,N.A,N.A,N.A,N.A,N.A,-,-,Puma
Senegal,19,Puma,DF,3,20-Jun-91,Chelsea,Kalidou Koulibaly,4,1,0,0,0.75,3,9.25,-,-,Puma
Senegal,19,Puma,DF,4,14-Sep-95,Olympiacos,Papa Abou Cisse,2,0,0,0.88,1.76,0,4.41,-,-,Puma
Senegal,19,Puma,DF,22,4-May-96,RB Leipzig,Abdou Diallo,4,0,0,0,0.27,0.54,4.34,-,-,Puma
Senegal,19,Puma,DF,12,3-Jan-97,AC Milan,Fode Ballo-Toure,1,0,0,0,0,0,N.A,-,-,Adidas
Senegal,19,Puma,DF,14,17-Aug-99,AS Monaco,Ismail Jakobs,4,0,1,0.32,1.29,0,7.39,-,-,Nike
Senegal,19,Puma,DF,21,5-Mar-93,Real Betis,Youssouf Sabaly,4,0,0,1.25,1,1.5,7.5,-,-,Puma
Senegal,19,Puma,DF,10,18-Jun-02,Anderlecht,Moussa Ndiaye,N.A,N.A,N.A,N.A,N.A,N.A,N.A,-,-,Nike
Senegal,19,Puma,MF,26,24-Jan-99,Marseille,Papa Gueye,3,0,0,0.6,1.19,2.38,10.13,-,-,Adidas
Senegal,19,Puma,MF,17,14-Sep-02,Tottenham Hotspur,Pape Matar Sarr,0,0,0,1.61,0,4.82,8.65,-,-,Nike
Senegal,19,Puma,MF,6,23-Jun-92,Leicester City,Nampalys Mendy,4,0,0,0.33,0.99,1.31,2.3,-,-,Adidas
Senegal,19,Puma,MF,15,25-Feb-99,AS Monaco,Krepin Diatta,3,0,0,1.96,0,0,3.43,-,-,Adidas
Senegal,19,Puma,MF,11,16-Mar-94,Rayo Vallecano,Pathe Ciss,3,0,0,1.23,1.23,1.85,8.63,-,-,Nike
Senegal,19,Puma,MF,24,5-May-95,Monaco,Moustapha Name,N.A,N.A,N.A,N.A,N.A,N.A,N.A,-,-,Adidas
Senegal,19,Puma,MF,25,30-Dec-96,Pafos,Loum Ndiaye,N.A,N.A,N.A,N.A,N.A,N.A,N.A,-,-,Puma
Senegal,19,Puma,FW,9,16-Nov-96,Salernitana,Boulaye Dia,4,1,0,0.56,0.28,0.28,4.76,-,-,Nike
Senegal,19,Puma,FW,18,25-Feb-98,Watford,Ismalia Sarr,4,1,0,3.4,0.52,0.78,11.77,-,-,Nike
Senegal,19,Puma,FW,20,23-Mar-00,Marseille,Bamba Dieng,4,1,0,N.A,N.A,N.A,N.A,-,-,Adidas
Senegal,19,Puma,FW,13,6-Mar-00,Sheffield United,Iliman Ndiaye,3,0,1,4.6,0.66,0,3.94,-,-,Adidas
Senegal,19,Puma,FW,7,20-Jun-01,Villarreal,Nicolas Jackson,1,0,0,N.A,N.A,N.A,N.A,-,-,Adidas
Senegal,19,Puma,FW,19,15-Dec-92,Alanyaspor,Famara Diedhiou,2,1,0,0.98,0,0,11.74,-,-,Puma
Japan,20,Adidas,GK,1,20-Mar-83,Strasbourg,Eiji Kawashima,0,-,-,-,-,-,-,-,-,Puma
Japan,20,Adidas,GK,12,3-Mar-89,Shimizu S-Pulse,Shuichi Gonda,4,-,-,-,-,-,-,78.95%,0%,Mizuno
Japan,20,Adidas,GK,23,3-Feb-92,Sint-Truiden,Daniel Schmidt,0,-,-,-,-,-,-,-,-,Puma
Japan,20,Adidas,DF,2,22-Dec-93,Kawasaki Frontale,Miki Yamane,1,0,0,1.45,2.9,1.45,4.35,-,-,Asics
Japan,20,Adidas,DF,3,15-Jul-91,Kawasaki Frontale,Shogo Taniguchi,2,0,0,0,0.43,0.43,6.43,-,-,Puma
Japan,20,Adidas,DF,5,12-Sep-86,Tokyo,Yuto Nagatomo,4,0,0,1.69,0,1.69,3.8,-,-,Nike
Japan,20,Adidas,DF,16,5-Nov-98,Arsenal,Takehiro Tomiyasu,3,0,0,0,0,0,5.84,-,-,Nike
Japan,20,Adidas,DF,19,12-Apr-90,Urawa Red Diamonds,Hiroki Sakai,2,0,0,1.5,0.75,3.75,9,-,-,Nike
Japan,20,Adidas,DF,22,24-Aug-88,Schalke,Maya Yoshida,4,0,1,0.46,0.69,0.92,6.76,-,-,Mizuno
Japan,20,Adidas,DF,26,12-May-99,Stuttgart,Hiroki Ito,1,0,0,0,0,0,4.1,-,-,Nike
Japan,20,Adidas,MF,6,9-Feb-93,Stuttgart,Wataru Endo,4,0,0,0.89,0.89,2.38,10.69,-,-,Puma
Japan,20,Adidas,MF,7,28-May-92,Leganes,Gaku Shibasaki,N.A,N.A,N.A,N.A,N.A,N.A,N.A,-,-,Umbro
Japan,20,Adidas,MF,8,16-Jun-98,Freiburg,Ritsu Doan,4,2,0,2.49,0.83,2.49,6.22,-,-,Puma
Japan,20,Adidas,MF,9,20-May-97,Brighton,Kaoru Mitoma,4,0,1,2.8,1.12,3.91,7.83,-,-,Puma
Japan,20,Adidas,MF,10,16-Jan-95,Monaco,Takumi Minamino,3,0,0,1.61,0,3.21,3.21,-,-,Adidas
Japan,20,Adidas,MF,13,10-May-95,Sporting,Hidemasa Morita,3,0,0,1.26,0.63,0,3.46,-,-,Mizuno
Japan,20,Adidas,MF,14,9-Mar-93,Reims,Junya Ito,4,0,1,1.95,1.11,1.95,5.58,-,-,Puma
Japan,20,Adidas,MF,15,5-Nov-96,Eintracht Frankfurt,Daichi Kamada,4,0,0,1.11,0,1.94,4.72,-,-,Nike
Japan,20,Adidas,MF,17,10-Sep-98,Fortuna Dusseldorf,Ao Tanaka,3,1,0,0,1.57,1.57,5.23,-,-,Mizuno
Japan,20,Adidas,MF,24,25-Feb-97,Nagoya Grampus,Yuki Soma,1,0,0,2.2,0,2.2,6.59,-,-,Mizuno
Japan,20,Adidas,FW,18,10-Nov-94,Bochum,Takuma Asano,4,1,0,0.56,0.56,0,1.12,-,-,Adidas
Japan,20,Adidas,FW,20,30-Sep-99,Shonan Bellmare,Shuto Machino,N.A,N.A,N.A,N.A,N.A,N.A,N.A,-,-,Puma
Japan,20,Adidas,FW,21,28-Aug-98,Cercle Brugge,Ayase Ueda,N.A,N.A,N.A,N.A,N.A,N.A,N.A,-,-,Nike
Japan,20,Adidas,FW,25,20-Oct-97,Celtic,Daizen Maeda,3,1,0,0,1.48,1.48,3.9,-,-,Nike
South Korea,25,Nike,GK,1,30-Sep-90,Al Shabab,Kim Seung-gyu,4,-,-,-,-,-,-,57.89%,25%,Adidas
South Korea,25,Nike,GK,21,25-Sep-91,Ulsan Hyundai,Jo Hyeon-woon,0,-,-,-,-,-,-,-,-,Adidas
South Korea,25,Nike,GK,12,15-Oct-97,Jeonbuk Hyundai Motors,Song Bum-keun,0,-,-,-,-,-,-,-,-,Nike
South Korea,25,Nike,DF,4,15-Nov-96,Napoli,Kim Min-jae,3,0,0,0.33,0.67,0.67,7.66,-,-,Nike
South Korea,25,Nike,DF,3,13-Jun-92,Jeonbuk Hyundai Motors,Kim Jin-su,4,0,1,0.57,0.85,2.85,10.26,-,-,Puma
South Korea,25,Nike,DF,14,17-Sep-90,Daegu FC,Hong Chul,1,0,0,2.05,2.05,0,4.05,-,-,Nike
South Korea,25,Nike,DF,15,1-Aug-95,Jeonbuk Hyundai Motors,Kim Moon-hwan,4,0,0,1,1,2.25,5.75,-,-,Nike
South Korea,25,Nike,DF,2,20-Mar-98,FC Seoul,Yoon Jong-gyu,N.A,N.A,N.A,N.A,N.A,N.A,N.A,-,-,Nike
South Korea,25,Nike,DF,19,27-Feb-90,Ulsan Hyundai,Kim Young-gwon,4,1,0,0,0.77,0.77,4.36,-,-,Mizuno
South Korea,25,Nike,DF,23,24-Jul-89,Ulsan Hyundai,Kim Tae-hwan,"N,A","N,A","N,A","N,A","N,A","N,A","N,A",-,-,Mizuno
South Korea,25,Nike,DF,20,31-Jan-92,Gamba Osaka,Kwon Kyung-won,4,0,0,0,N.A,N.A,N.A,-,-,Mizuno
South Korea,25,Nike,DF,24,17-Nov-96,Daejon Citizen,Cho Yu-min,1,0,0,N.A,N.A,N.A,N.A,-,-,Nike
South Korea,25,Nike,MF,5,14-Dec-89,Al Sadd,Jung Woo-young,4,0,0,0,0.59,1.48,5.04,-,-,Mizuno
South Korea,25,Nike,MF,17,12-Aug-96,FC Seoul,Na Sang-ho,2,0,0,3.05,0,3.05,7.63,-,-,Nike
South Korea,25,Nike,MF,8,17-Mar-97,Jeonbuk Hyundai Motors,Paik Seung-ho,1,1,0,0,0,10.8,N.A,-,-,Nike
South Korea,25,Nike,MF,13,12-May-92,Shandong Taishan,Son Jun-ho,3,0,0,0,3.91,3.91,3.91,-,-,Mizuno
South Korea,25,Nike,MF,26,12-Sep-99,Jeonbuk Hyundai Motors,Song Min-kyu,N.A,N.A,N.A,N.A,N.A,N.A,N.A,-,-,Nike
South Korea,25,Nike,MF,22,30-Jun-94,Gimcheon Sangmu,Kwon Chang-hoon,1,0,0,N.A,N.A,N.A,N.A,-,-,Nike
South Korea,25,Nike,MF,10,10-Aug-92,Mainz,Lee Jae-sung,3,0,0,1.26,1.26,2.1,5.89,-,-,Nike
South Korea,25,Nike,MF,6,20-Sep-96,Olympiacos,Hwang In-beom,4,0,0,1.07,0.81,1.07,2.96,-,-,Mizuno
South Korea,25,Nike,MF,18,19-Feb-01,Mallorca,Lee Kang-in,4,0,1,0.62,0,2.47,5.55,-,-,Adidas
South Korea,25,Nike,FW,7,8-Jul-92,Tottenham Hotspur,Son Heung-min,4,0,1,3.25,0.5,1.25,3.5,-,-,Adidas
South Korea,25,Nike,FW,11,26-Jan-96,Wolverhampton Wanderers,Hwang Hee-chan,2,1,0,7.11,0,0.79,5.53,-,-,Nike
South Korea,25,Nike,FW,25,20-Sep-99,Freiburg,Jeong Woo-yeong,1,0,0,1.96,0,0,0,-,-,Nike
South Korea,25,Nike,FW,16,28-Aug-92,Olympiacos,Hwang Ui-jo,4,0,0,0.86,0,0,2.57,-,-,Adidas
South Korea,25,Nike,FW,9,26-Jan-98,Jeonbuk Hyundai Motors,Cho Gue-sung,N.A,N.A,N.A,N.A,N.A,N.A,N.A,-,-,Nike
Spain,10,Adidas,GK,1,18-Nov-97,Brighton,Robert Sanchez,0,-,-,-,-,-,-,-,-,Nike
Spain,10,Adidas,GK,13,15-Sep-95,Brentford,David Raya,0,-,-,-,-,-,-,-,-,Adidas
Spain,10,Adidas,GK,23,11-Jun-97,Athletic Club,Unai Simon,4,-,-,-,-,-,-,66.67%,50%,Adidas
Spain,10,Adidas,DF,2,28-Aug-89,Chelsea,Cesar Azpilicueta,2,0,1,0,0.66,0.66,3.31,-,-,Adidas
Spain,10,Adidas,DF,18,21-Mar-89,FC Barcelona,Jordi Alba,4,0,2,1.02,1.02,2.37,4.74,-,-,Adidas
Spain,10,Adidas,DF,15,31-Jan-00,Valencia,Hugo Guillamon,3,1,0,N.A,N.A,N.A,N.A,-,-,Adidas
Spain,10,Adidas,DF,4,17-Jan-97,Villarreal,Pau Torrres,1,0,0,0,0,0,1,-,-,Adidas
Spain,10,Adidas,DF,3,9-Jan-01,Barcelona,Eric Garcia,3,0,0,N.A,N.A,N.A,N.A,-,-,Adidas
Spain,10,Adidas,DF,14,18-Oct-03,Barcelona,Alejandro Balde,4,0,0,0,0,4.35,5.08,-,-,Nike
Spain,10,Adidas,DF,20,11-Jan-92,Real Madrid,Dani Carvajal,2,0,0,0,1.34,0.67,1.34,-,-,Nike
Spain,10,Adidas,DF,24,27-May-94,Manchester City,Aymeric Laporte,3,0,0,0,0.6,0.6,4.2,-,-,Adidas
Spain,10,Adidas,MF,5,16-Jul-88,Barcelona,Sergio Busquets,4,0,0,0.25,0.25,1.73,6.68,-,-,Nike
Spain,10,Adidas,MF,6,30-Jan-95,Atletico Madrid,Marcos Llorente,1,0,0,0,0,0,0,-,-,Nike
Spain,10,Adidas,MF,26,25-Nov-02,Barcelona,Pedri,4,0,0,2.02,1.01,1.01,3.53,-,-,Adidas
Spain,10,Adidas,MF,16,22-Jun-96,Manchester City,Rodri,4,0,0,0,0.69,1.15,8.77,-,-,Nike
Spain,10,Adidas,MF,8,8-Jan-92,Atletico Madrid,Koke,2,0,0,0,0,1.8,1.8,-,-,Adidas
Spain,10,Adidas,MF,9,5-Aug-04,Barcelona,Gavi,4,1,0,0.94,0.31,2.51,8.78,-,-,Nike
Spain,10,Adidas,MF,19,2-Jan-97,PSG,Carlos Soler,2,1,0,1,0,0,2,-,-,Adidas
Spain,10,Adidas,FW,7,23-Oct-92,Atletico Madrid,Alvaro Morata,4,3,1,1.48,0,0.49,2.95,-,-,Adidas
Spain,10,Adidas,FW,17,20-Oct-02,Villarreal,Yeremy Pino,N.A,N.A,N.A,N.A,N.A,N.A,N.A,-,-,Nike
Spain,10,Adidas,FW,11,29-Feb-00,Barcelona,Ferran Torres,4,2,0,4.52,0,0,2.88,-,-,Adidas
Spain,10,Adidas,FW,10,21-Jan-96,Real Madrid,Marco Asensio,4,1,0,0.78,0,0.39,1.56,-,-,Nike
Spain,10,Adidas,FW,22,11-May-92,PSG,Pablo Sarabia,1,0,0,N.A,N.A,N.A,N.A,-,-,Puma
Spain,10,Adidas,FW,21,7-May-98,RB Leipzig,Dani Olmo,4,1,1,3.91,0.24,1.22,3.42,-,-,Adidas
Spain,10,Adidas,FW,12,12-Jul-02,Athletic Club,Nico Williams,4,0,0,8.07,0,2.48,6.83,-,-,Nike
Spain,10,Adidas,FW,25,31-Oct-02,Barcelona,Ansu Fati,2,0,0,4.09,0,2.05,6.14,-,-,Nike
Switzerland,12,Puma,GK,1,17-Dec-88,Borussia Monchengladbach,Yann Sommer,3,-,-,-,-,-,-,63.16%,33%,Puma
Switzerland,12,Puma,GK,12,10-Jan-94,Montpellier,Jonas Omlin,0,-,-,-,-,-,-,-,-,Adidas
Switzerland,12,Puma,GK,21,6-Dec-97,Borussia Dortmund,Gregor Kobel,1,-,-,-,-,-,-,50%,0%,Puma
Switzerland,12,Puma,GK,24,2-Apr-98,Red Bull Salzburg,Philipp Kohn,0,N.A,N.A,N.A,N.A,N.A,N.A,-,-,Nike
Switzerland,12,Puma,DF,13,25-Aug-92,Torino,Ricardo Rodriguez,4,0,0,0,0,1.5,7,-,-,Nike
Switzerland,12,Puma,DF,22,20-Dec-91,Newcastle United,Fabian Schar,2,0,0,0,1.32,1.32,7.94,-,-,Puma
Switzerland,12,Puma,DF,5,19-Jul-95,Manchester City,Manuel Akanji,4,1,0,0,0.75,1.25,6,-,-,Nike
Switzerland,12,Puma,DF,4,30-Sep-96,Borussia Monchengladbach,Nico Elvedi,2,0,0,0,0.5,1,4.5,-,-,Puma
Switzerland,12,Puma,DF,18,4-Feb-98,Valencia,Eray Comert,2,0,0,0,4.09,0,2.05,-,-,Puma
Switzerland,12,Puma,MF,23,10-Oct-91,Chicago Fire,Xherdan Shaqiri,3,1,1,0.78,0,0,3.12,-,-,Nike
Switzerland,12,Puma,MF,10,27-Sep-92,Arsenal,Granit Xhaka,4,0,0,0.25,0.5,1.5,6.25,-,-,Puma
Switzerland,12,Puma,MF,8,15-Apr-92,Nottingham Forest,Remo Freuler,4,1,0,0.56,0.83,2.22,3.34,-,-,Nike
Switzerland,12,Puma,MF,6,20-Nov-96,Chelsea,Denis Zakaria,2,0,0,1.58,4.74,0,6.32,-,-,Adidas
Switzerland,12,Puma,MF,15,6-Feb-97,Eintracht Frankfurt,Djibril Sow,4,0,1,0.33,0.33,0.66,3.65,-,-,Nike
Switzerland,12,Puma,MF,11,3-Nov-91,Lugano,Renato Steffen,1,0,0,2.81,0,0,2.81,-,-,Nike
Switzerland,12,Puma,MF,2,15-Apr-96,Mainz,Edimilson Fernandes,3,0,0,1.26,1.26,1.26,2.52,-,-,Nike
Switzerland,12,Puma,MF,20,8-Jan-89,Basel,Fabian Frei,2,0,0,0,4.09,4.09,4.09,-,-,Puma
Switzerland,12,Puma,MF,14,6-Jan-97,Bologna,Michel Aebischer,1,0,0,0,0,6.43,N.A,-,-,Adidas
Switzerland,12,Puma,MF,26,30-Jun-02,Luzern,Ardon Jashari,N.A,N.A,N.A,N.A,N.A,N.A,N.A,-,-,Puma
Switzerland,12,Puma,MF,25,16-Feb-02,Young Boys,Fabian Rieder,2,0,0,1.34,0,4.03,8.06,-,-,Nike
Switzerland,12,Puma,FW,9,22-Feb-92,Galatasaray,Haris Seferovic,3,0,0,0,0,0,0,-,-,Puma
Switzerland,12,Puma,FW,7,14-Feb-97,Monaco,Breel Embolo,4,2,0,1.38,0,0.28,4.68,-,-,Nike
Switzerland,12,Puma,FW,17,5-Aug-98,Augsburg,Ruben Vargas,4,0,1,1.56,0.31,0,3.13,-,-,Nike
Switzerland,12,Puma,FW,16,11-Nov-93,Young Boys,Christian Fassnacht,1,0,0,N.A,0,0,N.A,-,-,Nike
Switzerland,12,Puma,FW,19,24-May-00,Red Bull Salzburg,Noah Okafor,3,0,0,2.14,0,0,2.14,-,-,Nike
Ecuador ,41,Marathon,GK,1,30-Mar-87,Aucas,Hernan Galindez,N.A,N.A,N.A,N.A,N.A,N.A,N.A,N.A,N.A,Nike
Ecuador ,41,Marathon,GK,12,9-Sep-00,Independiente del Valle,Moises Ramirez,N.A,N.A,N.A,N.A,N.A,N.A,N.A,N.A,N.A,Nike
Ecuador ,41,Marathon,GK,22,5-Jun-87,LDU Quito,Alexander Dominguez,N.A,N.A,N.A,N.A,N.A,N.A,N.A,N.A,N.A,Adidas
Ecuador ,41,Marathon,DF,2,11-Jan-97,Santos Laguna,Felix Torres,3,0,1,0.33,1.33,0.67,6.67,-,-,Adidas
Ecuador ,41,Marathon,DF,3,9-Jan-02,Bayer Leverkusen,Piero Hincapie,3,0,0,0,0.67,2.33,6,-,-,Adidas
Ecuador ,41,Marathon,DF,4,22-Oct-91,Sao Paulo,Robert Arboleda,N.A,N.A,N.A,N.A,N.A,N.A,N.A,-,-,Nike
Ecuador ,41,Marathon,DF,6,16-Oct-01,Antwerp,William Pacho,N.A,N.A,N.A,N.A,N.A,N.A,N.A,-,-,Nike
Ecuador ,41,Marathon,DF,7,21-Jan-98,Brighton,Pervis Estupinan,3,0,0,2.33,1,2.33,6,-,-,Nike
Ecuador ,41,Marathon,DF,14,28-Sep-94,Seattle Sounders FC,Xavier Arreaga,N.A,N.A,N.A,N.A,N.A,N.A,N.A,-,-,Adidas
Ecuador ,41,Marathon,DF,17,February 18 1998,Genk,Angelo Preciado,3,0,1,0.34,1.7,2.38,5.1,-,-,Nike
Ecuador ,41,Marathon,DF,18,12-Jul-99,Los Angeles FC,Diego Palacios,N.A,N.A,N.A,N.A,N.A,N.A,N.A,-,-,Nike
Ecuador ,41,Marathon,DF,25,4-Aug-00,Troyes,Jackson Porozo,2,0,0,0,2.84,1.89,5.69,-,-,Nike
Ecuador ,41,Marathon,MF,5,12-Mar-99,Los Angeles FC,Jose Cifuentes,N.A,N.A,N.A,N.A,N.A,N.A,N.A,-,-,Nike
Ecuador ,41,Marathon,MF,8,19-Apr-95,FC Augsburg,Carlos Gruezo,1,0,0,0,0,3.91,3.91,-,-,Nike
Ecuador ,41,Marathon,MF,15,21-Jan-88,Leon,Angel Mena,N.A,N.A,N.A,N.A,N.A,N.A,N.A,-,-,Adidas
Ecuador ,41,Marathon,MF,16,16-Jun-02,Brighton,Jeremy Sarmiento,3,0,0,N.A,N.A,N.A,N.A,-,-,Adidas
Ecuador ,41,Marathon,MF,19,1-Nov-00,Real Valladolid,Gonzalo Plata,3,0,0,4,0.67,1,7.67,-,-,Nike
Ecuador ,41,Marathon,MF,20,26-Apr-97,Los Angeles FC,Jhegson Mendez,N.A,N.A,N.A,N.A,N.A,N.A,N.A,-,-,Nike
Ecuador ,41,Marathon,MF,21,21-Aug-98,Talleres,Alan Franco,N.A,N.A,N.A,N.A,N.A,N.A,N.A,-,-,Nike
Ecuador ,41,Marathon,MF,23,2-Nov-01,Brighton,Moises Caicedo,3,1,0,0,0.67,2,4.33,-,-,Nike
Ecuador ,41,Marathon,MF,26,4-Mar-00,Imbabura,Kevin Rodriguez,N.A,N.A,N.A,N.A,N.A,N.A,N.A,-,-,Nike
Ecuador ,41,Marathon,FW,9,17-Jul-94,Santos Laguna,Ayrton Preciado,N.A,N.A,N.A,N.A,N.A,N.A,N.A,-,-,Nike
Ecuador ,41,Marathon,FW,10,24-Sep-94,Pachuca,Romario Ibarra,2,0,0,0.5,1.32,0,1.32,-,-,Adidas
Ecuador ,41,Marathon,FW,11,7-Apr-96,Cruz Azul,Michael Estrada,3,0,0,0.79,0,0.39,N.A,-,-,Nike
Ecuador ,41,Marathon,FW,13,4-Nov-89,Fenerbahce,Enner Valencia,3,3,0,2.1,0.35,0.7,5.25,-,-,Nike
Ecuador ,41,Marathon,FW,24,18-Jan-99,Newell's Old Boys,Djorkaeff Reasco,1,0,0,0,0,0,0,-,-,Nike
Qatar,60,Nike,GK,1,19-Feb-90,Al-Sadd,Saad Al Sheeb,1,-,-,-,-,-,-,33.33%,0%,Adidas
Qatar,60,Nike,GK,22,14-Feb-98,Al-Sadd,Meshaal Barsham,N.A,N.A,N.A,N.A,N.A,N.A,N.A,N.A,N.A,Nike
Qatar,60,Nike,GK,21,24-May-96,Al-Gharafa,Yousef Hassan,N.A,N.A,N.A,N.A,N.A,N.A,N.A,N.A,N.A,Adidas
Qatar,60,Nike,DF,3,28-Aug-93,Al-Sadd,Abdelkarim Hassan,N.A,N.A,N.A,N.A,N.A,N.A,N.A,-,-,Nike
Qatar,60,Nike,DF,16,7-Sep-90,Al-Sadd,Boualem Khoukhi,3,0,0,0.33,1,0.67,2.33,-,-,Adidas
Qatar,60,Nike,DF,2,6-Aug-90,Al-Sadd,Pedro Miguel,3,0,0,1.03,2.74,2.05,6.51,-,-,Nike
Qatar,60,Nike,DF,5,5-Dec-97,Al-Sadd,Tarek Salman,1,0,0,0,N.A,N.A,N.A,-,-,Adidas
Qatar,60,Nike,DF,,16-Dec-97,Al-Duhail,Bassam Al-Rawi,1,0,0,0,0,0,4,-,-,Nike
Qatar,60,Nike,DF,13,26-Sep-93,Al-Sadd,Musab Kheder,N.A,N.A,N.A,N.A,N.A,N.A,N.A,-,-,Nike
Qatar,60,Nike,DF,14,25-Aug-99,Al-Gharafa,Homam Ahmed,N.A,N.A,N.A,N.A,N.A,N.A,N.A,-,-,Nike
Qatar,60,Nike,DF,25,20-Feb-02,Al-Arabi,Jassem Gaber,N.A,N.A,N.A,N.A,N.A,N.A,N.A,-,-,Nike
Qatar,60,Nike,MF,12,16-Sep-90,Al-Duhail,Karim Boudiaf,3,0,0,1.95,0,0.97,8.76,-,-,Adidas
Qatar,60,Nike,MF,20,10-Apr-96,-,Salem Al-Hajri,N.A,N.A,N.A,N.A,N.A,N.A,N.A,-,-,Adidas
Qatar,60,Nike,MF,6,28-Oct-90,Al-Rayyan,Abdulaziz Hatem,3,0,0,0,0.46,0.46,1.84,-,-,Adidas
Qatar,60,Nike,MF,8,19-Jan-93,Al-Sadd,Ali Assadalla,N.A,N.A,N.A,N.A,N.A,N.A,N.A,-,-,Adidas
Qatar,60,Nike,MF,4,18-Sep-99,Al-Sadd,Mohammed Waad,N.A,N.A,N.A,N.A,N.A,N.A,N.A,-,-,Adidas
Qatar,60,Nike,MF,23,22-Oct-96,Al-Duhail,Assim Madibo,N.A,N.A,N.A,N.A,N.A,N.A,N.A,-,-,Nike
Qatar,60,Nike,MF,26,28-Mar-01,Al-Sadd,Mustafa Tarek,N.A,N.A,N.A,N.A,N.A,N.A,N.A,-,-,N.A
Qatar,60,Nike,FW,10,11-Dec-90,Al-Sadd,Hassan Al-Haydos,3,0,0,2.14,0.86,1.29,1.71,-,-,Nike
Qatar,60,Nike,FW,11,18-Nov-96,Al-Sadd,Akram Afif,3,0,0,1.67,0,0,3.33,-,-,Adidas
Qatar,60,Nike,FW,19,19-Aug-96,Al-Duhail,Almoez Ali,3,0,0,1.19,0.4,0.4,3.19,-,-,Nike
Qatar,60,Nike,FW,17,5-Apr-90,Al-Duhail,Ismaeel Mohammada,N.A,N.A,N.A,N.A,N.A,N.A,N.A,-,-,Nike
Qatar,60,Nike,FW,9,20-Dec-93,Al-Duhail,Mohammed Muntari,N.A,N.A,N.A,N.A,N.A,N.A,N.A,-,-,Nike
Qatar,60,Nike,FW,7,31-Jan-93,Al-Gharafa,Ahmed Alaaeldin,1,0,0,0,0,0,0,-,-,Nike
Qatar,60,Nike,FW,18,24-Feb-98,Al-Wakrah,Khalid Muneer,N.A,N.A,N.A,N.A,N.A,N.A,N.A,-,-,Nike
Qatar,60,Nike,FW,24,18-Jul-01,Al-Rayyan,Naif Al-Hadhrami,N.A,N.A,N.A,N.A,N.A,N.A,N.A,-,-,Adidas
Iran,24,Majid,GK,1,12-Sep-92,Persepolis,Alireza Beiranvand,2,-,-,-,-,-,-,80.00%,0%,Adidas
Iran,24,Majid,GK,22,26-Apr-93,Ponferradina,Amir Absedzadeh,0,-,-,-,-,-,-,-,-,Adidas
Iran,24,Majid,GK,24,30-May-92,Esteghlal,Hossein Hosseini,2,-,-,-,-,-,-,50.00%,50%,Adidas
Iran,24,Majid,GK,12,6-Apr-95,Sepahann,Payam Niazmand,N.A,N.A,N.A,N.A,N.A,N.A,N.A,-,-,Adidas
Iran,24,Majid,DF,3,25-Feb-90,AEK Athens,Ehsan Hajsafi,3,0,0,0.76,0.76,3.03,5.68,-,-,Adidas
Iran,24,Majid,DF,13,23-Mar-94,Al Ahli,Hossein Kanaani,1,0,0,0,2.05,0,2.05,-,-,Nike
Iran,24,Majid,DF,8,19-Apr-92,Persepolis,Morteza Pouraliganji,3,0,0,0,2,0.67,7.66,-,-,Adidas
Iran,24,Majid,DF,23,21-Mar-90,Sepahan,Ramin Rezaeian,2,1,0,0.5,1.5,3.5,6.5,-,-,Nike
Iran,24,Majid,DF,5,29-Sep-93,AEK Athens,Milad Mohammadi,3,0,0,0.45,0.45,4.55,7.72,-,-,Nike
Iran,24,Majid,DF,4,31-May-89,Al-Ahli,Shojae Khalilzadeh,N.A,N.A,N.A,N.A,N.A,N.A,N.A,-,-,Nike
Iran,24,Majid,DF,2,24-Mar-96,Dinamo Zagreb,Sadegh Moharrami,1,0,0,0,1,1,3,-,-,Nike
Iran,24,Majid,DF,19,20-Jun-96,Kayserispor,Majid Hosseini,3,0,0,0,2,2,6.33,-,-,Adidas
Iran,24,Majid,DF,25,26-Jun-98,Esteghlal,Abolfazi Jalali,1,0,0,1,0,0,0,-,-,Nike
Iran,24,Majid,MF,11,2-Apr-88,Persepolis,Vahid Amiri,N.A,N.A,N.A,N.A,N.A,N.A,N.A,-,-,Nike
Iran,24,Majid,MF,7,11-Aug-93,Feyenoord,Alireza Jahanbakhsh,2,0,0,1.53,1.53,1.53,3.05,-,-,Adidas
Iran,24,Majid,MF,6,1-Oct-96,Vejle,Saeid Ezatolahi,N.A,N.A,N.A,N.A,N.A,N.A,N.A,-,-,Nike
Iran,24,Majid,MF,16,10-Sep-94,Persepolis,Mehdi Torabi,3,0,0,3.05,3.05,1.53,3.05,-,-,Nike
Iran,24,Majid,MF,15,24-Jun-93,Esteghlal,Rouzbeh Cheshmi,2,1,0,0,3.05,0,3.06,-,-,Adidas
Iran,24,Majid,MF,14,6-Sep-93,Brentford,Saman Ghoddos,1,0,0,0,0,2.05,2.05,-,-,Nike
Iran,24,Majid,MF,17,10-Mar-96,Charleroi,Ali Gholizadeh,3,0,1,3.18,1.36,0,1.82,-,-,Nike
Iran,24,Majid,MF,21,2-Jan-93,Shabab Al-Ahli,Ahmad Nourollahi,3,0,0,0.8,2.4,2,3.2,-,-,Nike
Iran,24,Majid,MF,18,11-Feb-94,Kayserispor,Ali Karimi,3,0,0,0,2.76,2.76,9.19,-,-,Puma
Iran,24,Majid,FW,10,3-Apr-90,Omonia,Karim Ansarifard,2,0,0,0,2.57,0,0,-,-,Nike
Iran,24,Majid,FW,20,1-Jan-95,Bayer Leverkusen,Sardar Azmoun,3,0,0,0.71,0,0,6.37,-,-,Nike
Iran,24,Majid,FW,9,18-Jul-92,Porto,Mehdi Taremi,3,2,1,1.67,0.67,1.33,6.34,-,-,Adidas
Wales,28,Adidas,GK,12,22-Jun-93,Leicester City,Danny Ward,2,-,-,-,-,-,-,57.14%,0%,Nike
Wales,28,Adidas,GK,1,24-Jan-87,Nottingham Forest,Wayne Hennessey,2,-,-,-,-,-,-,83.33%,0%,Nike
Wales,28,Adidas,GK,21,17-Jul-92,Sheffield United,Adam Davies,0,-,-,-,-,-,-,N.A,N.A,Nike
Wales,28,Adidas,DF,4,24-Apr-93,Tottenham,Ben Davies,3,0,0,1.13,0.38,1.51,8.67,-,-,Adidas
Wales,28,Adidas,DF,24,30-May-00,Swansea City,Ben Cabango,N.A,N.A,N.A,N.A,N.A,N.A,N.A,-,-,Adidas
Wales,28,Adidas,DF,6,22-Oct-97,Rennes,Joe Rodon,3,0,0,0,1.33,0.67,2,-,-,Nike
Wales,28,Adidas,DF,5,5-Nov-97,Bournemouth,Chris Mepham,3,0,0,0,0.33,2.33,7.33,-,-,Adidas
Wales,28,Adidas,DF,15,14-Sep-00,Spezia,Ethan Ampadu,3,0,0,0.7,1.4,1.4,4.9,-,-,Nike
Wales,28,Adidas,DF,2,21-Jul-89,AFC Wimbledon,Chris Gunter,N.A,N.A,N.A,N.A,N.A,N.A,N.A,-,-,Adidas
Wales,28,Adidas,DF,3,13-Apr-01,Nottingham Forest,Neco Williams,3,0,0,1.32,1.76,2.2,6.59,-,-,Puma
Wales,28,Adidas,DF,14,23-Sep-95,Burnley,Connor Roberts,3,0,0,0,0.45,1.34,2.69,-,-,Nike
Wales,28,Adidas,MF,22,25-Jan-99,Huddersfield Town,Sorba Thomas,1,0,0,0,0,0,0,-,-,Nike
Wales,28,Adidas,MF,7,14-Mar-00,Swansea City,Joe Allen,2,0,0,0,0.96,0.96,2.87,-,-,Nike
Wales,28,Adidas,MF,26,22-Nov-99,MK Dons,Matthew Smith,N.A,N.A,N.A,N.A,N.A,N.A,N.A,-,-,Nike
Wales,28,Adidas,MF,23,17-Nov-00,Dundee United,Dylan Levitt,N.A,N.A,N.A,N.A,N.A,N.A,N.A,-,-,Puma
Wales,28,Adidas,MF,8,22-Mar-97,Fulham,Harry Wilson,3,0,0,0,0.56,2.25,4.5,-,-,Adidas
Wales,28,Adidas,MF,16,3-Jan-97,Portsmouth,Joe Morrell,2,0,0,0,2.9,N.A,N.A,-,-,Nike
Wales,28,Adidas,MF,18,9-Oct-93,Swindon Town,Jonny Williams,N.A,N.A,N.A,N.A,N.A,N.A,N.A,-,-,Adidas
Wales,28,Adidas,MF,10,26-Dec-90,Nice,Aaron Ramsey,3,0,0,2.36,0,0.67,2.36,-,-,Nike
Wales,28,Adidas,FW,25,27-Apr-00,Cardiff City,Rubin Colwill,1,0,0,0,0,0,0,-,-,Adidas
Wales,28,Adidas,FW,11,16-Jul-89,Los Angeles FC,Gareth Bale,3,1,0,0.8,0.4,0.4,5.97,-,-,Adidas
Wales,28,Adidas,FW,13,8-Aug-92,Bournemouth,Kieffer Moore,3,0,0,0,0.8,0.4,10.85,-,-,Adidas
Wales,28,Adidas,FW,19,29-Dec-98,Cardiff City,Mark Harris,N.A,N.A,N.A,N.A,N.A,N.A,N.A,-,-,Nike
Wales,28,Adidas,FW,9,23-May-01,Nottingham Forest,Brennan Johnson,3,0,0,4,0,0,0,-,-,Adidas
Wales,28,Adidas,FW,20,10-Nov-97,Fulham,Dan James,3,0,0,0.58,0.58,0.58,1.73,-,-,Adidas
Mexico ,15,Adidas,GK,13,13-Jul-85,America,Guillermo Ochoa,3,-,-,-,-,-,-,50%,33%,Nike
Mexico ,15,Adidas,GK,1,18-Sep-82,Juarez,Alfredo Talavera,0,-,-,-,-,-,-,-,-,Pirma
Mexico ,15,Adidas,GK,12,3-Jul-87,Leon,Rodolfo Cota,0,-,-,-,-,-,-,-,-,Pirma
Mexico ,15,Adidas,DF,15,17-Jan-88,Monterrey,Hector Moreno,3,0,0,0,0.33,0.67,5,-,-,Charly
Mexico ,15,Adidas,DF,23,15-Aug-94,Monterrey,Jesus Gallardo,3,0,0,1.33,0.33,3,5,-,-,Nike
Mexico ,15,Adidas,DF,2,29-Aug-91,America,Nestor Araujo,1,0,0,0,3,1,1,-,-,Nike
Mexico ,15,Adidas,DF,3,24-Feb-97,Monterrey,Cesar Montes,3,0,1,0.67,0.67,2,7.33,-,-,Adidas
Mexico ,15,Adidas,DF,19,10-Dec-97,Ajax,Jorge Sanchez,2,0,0,2.56,1.02,0.51,4.7,-,-,Nike
Mexico ,15,Adidas,DF,6,7-Sep-98,Genk,Gerardo Arteaga,N.A,N.A,N.A,N.A,N.A,N.A,N.A,-,-,Nike
Mexico ,15,Adidas,DF,26,15-Jan-99,Pachuca,Kevin Alvarez,2,0,0,3.86,1.29,1.29,3.86,-,-,Adidas
Mexico ,15,Adidas,DF,5,22-Oct-98,Cremonese,Johan Vasquez,N.A,N.A,N.A,N.A,N.A,N.A,N.A,-,-,Nike
Mexico ,15,Adidas,MF,18,28-Sep-86,Real Betis,Andres Guardado,1,0,0,0,0,8.57,8.57,-,-,Adidas
Mexico ,15,Adidas,MF,16,19-Apr-90,Houston Dynamo,Hector Herrera,3,0,0,0,0.33,0.67,5,-,-,Nike
Mexico ,15,Adidas,MF,4,24-Oct-97,Ajax,Edson Alvarez,2,0,0,0.51,2.05,1.02,13.29,-,-,Adidas
Mexico ,15,Adidas,MF,17,24-Mar-96,AEK Athens,Orbelin Pineda,1,0,0,1.17,0,4.68,9.35,-,-,Adidas
Mexico ,15,Adidas,MF,21,21-Aug-97,Cruz Azul,Uriel Antuna,3,0,0,0,0,4.86,6.08,-,-,Nike
Mexico ,15,Adidas,MF,14,15-Jun-95,PSV,Erick Gutierrez,1,0,0,0,3.75,1.88,N.A,-,-,Adidas
Mexico ,15,Adidas,MF,8,3-Jan-97,Cruz Azul,Carlos Rodriguez,2,0,0,2,0,0,8.44,-,-,Nike
Mexico ,15,Adidas,MF,25,7-Sep-98,Guadalajara,Roberto Alvarado,1,0,0,1,0,0,10.58,-,-,Nike
Mexico ,15,Adidas,MF,7,5-Jun-95,Monterrey,Luis Romo,N.A,N.A,N.A,N.A,N.A,N.A,N.A,-,-,Adidas
Mexico ,15,Adidas,MF,10,25-Nov-97,Guadalajara,Alexis Vega,3,0,0,1.38,0.46,0,4.13,-,-,Nike
Mexico ,15,Adidas,MF,24,15-Jan-96,Pachuca,Luis Chavez,3,1,0,1.33,0,0.33,7,-,-,Nike
Mexico ,15,Adidas,FW,9,5-May-91,Wolves,Raul Jimenez,3,0,0,0,1.61,0,11.25,-,-,Nike
Mexico ,15,Adidas,FW,22,30-Jul-95,Napoli,Hirving Lozano,3,0,0,2.49,0,2.49,8.54,-,-,Nike
Mexico ,15,Adidas,FW,20,18-Nov-92,America,Henry Martin,2,1,0,0,1.82,0.61,6.08,-,-,Adidas
Mexico ,15,Adidas,FW,11,5-Mar-91,Monterrey,Rogelio Funes Mori,1,0,0,0,0,N.A,N.A,-,-,Puma
Saudi Arabia,49,Nike,GK,21,10-Oct-91,Al-Hilal,Mohammed Al-Owais,3,-,-,-,-,-,-,73.68%,0%,Adidas
Saudi Arabia,49,Nike,GK,1,14-Aug-97,Al-Ahli,Mohammed Al Yami,0,-,-,-,-,-,-,-,-,Adidas
Saudi Arabia,49,Nike,GK,22,10-May-00,Al-Nassr,Nawaf Al-Aqidi,0,-,-,-,-,-,-,-,-,Nike
Saudi Arabia,49,Nike,DF,13,25-May-92,Al-Hilal,Yasser Al-Shahrani,1,0,0,0,6,3,3,-,-,Adidas
Saudi Arabia,49,Nike,DF,6,15-Sep-92,Al-Hilal,Mohammed Al-Breik,2,0,0,0,0,1.38,5.53,-,-,Nike
Saudi Arabia,49,Nike,DF,5,21-Nov-89,Al-Hilal,Ali Al-Bulaihi,3,0,0,0,1.24,1.66,4.56,-,-,Nike
Saudi Arabia,49,Nike,DF,2,6-May-94,Al-Nassr,Sultan Al-Ghanam,3,0,0,1.44,1.44,0,0,-,-,Nike
Saudi Arabia,49,Nike,DF,12,18-Jul-99,Al-Hilal,Saud Abdulhamid,3,0,0,1,0.33,1.67,6.66,-,-,Adidas
Saudi Arabia,49,Nike,DF,4,15-Jan-97,Al-Nassr,Abdulelah Al-Amri,3,0,0,0,1.98,0.49,N.A,-,-,Adidas
Saudi Arabia,49,Nike,DF,17,9-Feb-99,Al-Shabab,Hassan Tambakti,2,0,0,0,1,2,5.5,-,-,Nike
Saudi Arabia,49,Nike,DF,3,15-Jul-93,Al-Nassr,Abdullah Madu,1,0,0,0,2.05,2.05,6.14,-,-,Nike
Saudi Arabia,49,Nike,MF,18,26-Jan-90,Al-Shabab,Nawaf Alabid,2,0,0,0.66,2.09,0,6.28,-,-,Nike
Saudi Arabia,49,Nike,MF,7,1-Aug-89,Al-Hilal,Salman Al-Faraj,1,0,0,0,0,2,2,-,-,Adidas
Saudi Arabia,49,Nike,MF,10,19-Aug-91,Al-Hilal,Salem Al-Dawsari,3,2,0,2.33,0.33,1.67,3.66,-,-,Nike
Saudi Arabia,49,Nike,MF,14,3-Aug-92,Al-Hilal,Abdullah Otayf,N.A,N.A,N.A,N.A,N.A,N.A,N.A,-,-,Nike
Saudi Arabia,49,Nike,MF,23,22-Sep-94,Al-Hilal,Mohamed Kanno,N.A,N.A,N.A,N.A,N.A,N.A,N.A,-,-,Nike
Saudi Arabia,49,Nike,MF,8,11-Oct-94,Al-Hilal,Abdulellah Al-Malki,2,0,0,0,1.54,2.06,4.11,-,-,Adidas
Saudi Arabia,49,Nike,MF,16,7-Feb-97,Al-Nassr,Sami Al-Najei,1,0,0,0,0,0,0,-,-,Adidas
Saudi Arabia,49,Nike,MF,15,4-Mar-97,Al-Nassr,Ali Al-Hassan,1,0,0,0,0,0,N.A,-,-,Nike
Saudi Arabia,49,Nike,MF,24,19-Dec-98,Al-Hilal,Nasser Al-Dawsari,1,0,0,0,0,N.A,N.A,-,-,Nike
Saudi Arabia,49,Nike,MF,20,1-Jun-95,Al-Ittihad,Abdulrahman Al-Aboud,2,0,0,0.66,0,N.A,N.A,-,-,Nike
Saudi Arabia,49,Nike,FW,9,14-May-00,Al-Fateh,Firas Al-Buraikan,3,0,1,1.67,0.67,1,6.36,-,-,Nike
Saudi Arabia,49,Nike,FW,11,1-Nov-93,Al-Hilal,Saleh Al-Shehri,3,1,0,0.8,0,1.2,8,-,-,Adidas
Saudi Arabia,49,Nike,FW,25,25-Mar-01,Al-Ahli,Haitham Asiri,N.A,N.A,N.A,N.A,N.A,N.A,N.A,-,-,Nike
Denmark,18,Hummel,GK,1,5-Nov-86,Nice,Kasper Schmeichel,3,-,-,-,-,-,-,72.73%,33%,Nike
Denmark,18,Hummel,GK,16,22-Mar-99,Hertha Berlin,Oliver Christensen,0,-,-,-,-,-,-,-,-,Puma
Denmark,18,Hummel,GK,22,4-Aug-92,Union Berlin,Frederik Ronnow,0,-,-,-,-,-,-,-,-,Adidas
Denmark,18,Hummel,DF,4,26-Mar-89,AC Milan,Simon Kjaer,1,0,0,0,6.92,0,8.3,-,-,Nike
Denmark,18,Hummel,DF,6,10-Apr-96,Barcelona,Andreas Christensen,3,1,0,0,1.33,1.67,6,-,-,Adidas
Denmark,18,Hummel,DF,17,21-Feb-91,Trabzonspor,Jens Stryger Larsen,N.A,N.A,N.A,N.A,N.A,N.A,N.A,-,-,Adidas
Denmark,18,Hummel,DF,18,31-May-89,Brondby,Daniel Wass,N.A,N.A,N.A,N.A,N.A,N.A,N.A,-,-,Adidas
Denmark,18,Hummel,DF,13,11-Jul-97,Leeds United,Rasmus Kristensen,3,0,0,1.59,0.8,3.58,6.77,-,-,Adidas
Denmark,18,Hummel,DF,5,20-May-97,Atalanta,Joakim Maehle,3,0,0,3.25,0.72,3.25,5.42,-,-,Adidas
Denmark,18,Hummel,DF,2,31-May-96,Crystal Palace,Joachim Andersen,3,0,1,N.A,N.A,N.A,N.A,-,-,Nike
Denmark,18,Hummel,DF,8,3-Sep-91,Sevilla,Thomas Delaney,1,0,0,0,0,0,8,-,-,Nike
Denmark,18,Hummel,DF,3,14-Oct-98,Galatasaray,Victor Nelsson,1,0,0,0,2,0,10,-,-,Adidas
Denmark,18,Hummel,DF,26,9-Dec-97,Benfica,Alexander Bah,2,0,0,0.5,4.06,N.A,N.A,-,-,Nike
Denmark,18,Hummel,MF,10,14-Feb-92,Manchester United,Christian Eriksen,3,0,0,1.33,0.33,0.33,0.67,-,-,Nike
Denmark,18,Hummel,MF,15,10-Mar-94,Brentford,Christian Norgaard,1,0,0,N.A,N.A,N.A,N.A,-,-,Puma
Denmark,18,Hummel,MF,23,5-Aug-95,Tottenham,Pierre-Emile Hojbjerg,3,0,0,0.67,1.33,1.33,2.66,-,-,Adidas
Denmark,18,Hummel,MF,7,1-Jan-96,Brentford,Mathias Jensen,N.A,N.A,N.A,N.A,N.A,N.A,N.A,-,-,Nike
Denmark,18,Hummel,FW,24,20-May-96,Hoffenheim ,Robert Skov,1,0,0,1,0,0,0,-,-,Adidas
Denmark,18,Hummel,FW,9,5-Jun-91,Espanyol,Martin Braithwaite,2,0,0,1.75,0,0,2.62,-,-,Nike
Denmark,18,Hummel,FW,21,16-Mar-93,Copenhagen,Andreas Cornelius,3,0,0,0.98,0,0,N.A,-,-,Nike
Denmark,18,Hummel,FW,12,6-Oct-97,Sevilla,Kasper Dolberg,3,0,0,1.59,0,0.8,3.19,-,-,Adidas
Denmark,18,Hummel,FW,11,29-Dec-99,Club Brugge,Andreas Skov Olsen,2,0,0,1.34,0,0,2.01,-,-,Nike
Denmark,18,Hummel,FW,14,3-Jul-00,Brentford,Mikkel Damsgaard,3,0,0,0.6,0.6,2.42,3.02,-,-,Nike
Denmark,18,Hummel,FW,19,7-Feb-99,Wolfsburg,Jonas Wind,N.A,N.A,N.A,N.A,N.A,N.A,N.A,-,-,Nike
Denmark,18,Hummel,FW,25,29-Feb-00,Eintracht Frankfurt,Jesper Lindstrom,3,0,0,5.4,0,0.45,4.95,-,-,Adidas
Denmark,18,Hummel,FW,20,15-Jun-94,RB Leipzig,Yussuf Yurary Poulsen,N.A,N.A,N.A,N.A,N.A,N.A,N.A,-,-,Nike
Tunisia,30,Kappa,GK,16,27-Jan-97,CS Sfaxien,Aymen Dahmen,N.A,N.A,N.A,N.A,N.A,N.A,N.A,N.A,N.A,Adidas
Tunisia,30,Kappa,GK,26,5-Mar-95,Club Africain,Mouez Hassen,N.A,N.A,N.A,N.A,N.A,N.A,N.A,N.A,N.A,Nike
Tunisia,30,Kappa,GK,1,14-Sep-84,Etoile du Sahel,Balbouli,N.A,N.A,N.A,N.A,N.A,N.A,N.A,N.A,N.A,Nike
Tunisia,30,Kappa,GK,22,29-Nov-94,US Monastir,Bechir Ben SaÃ¯d,N.A,N.A,N.A,N.A,N.A,N.A,N.A,N.A,N.A,Adidas
Tunisia,30,Kappa,DF,20,25-Jun-96,Luzern,Mohamed Drager,2,0,0,1.34,0.67,3.36,7.38,-,-,Adidas
Tunisia,30,Kappa,DF,21,5-Nov-95,Atromitos,Wajdi Kechrida,3,0,0,3.3,0,2.48,4.96,-,-,Nike
Tunisia,30,Kappa,DF,2,9-Mar-90,Kuwait SC,Bilel Ifa,N.A,N.A,N.A,N.A,N.A,N.A,N.A,-,-,Nike
Tunisia,30,Kappa,DF,3,26-May-98,Lorient,Montassar Talbi,3,0,0,0,0.33,1,7,-,-,Adidas
Tunisia,30,Kappa,DF,6,19-Jun-95,Salernitana,Dylan Bronn,2,0,0,0,0,1.66,4.41,-,-,Nike
Tunisia,30,Kappa,DF,4,2-Jul-93,Esperalace,Yassine Meriah,N.A,N.A,N.A,N.A,N.A,N.A,N.A,-,-,Nike
Tunisia,30,Kappa,DF,5,18-Feb-95,Club Africain,Nader Ghandri,N.A,N.A,N.A,N.A,N.A,N.A,N.A,-,-,Puma
Tunisia,30,Kappa,DF,12,1-Jan-90,Al Ahly,Ali Maaloul,1,0,0,0,0,1,1,-,-,Adidas
Tunisia,30,Kappa,DF,24,20-Dec-93,Caen,Ali Abdi,N.A,N.A,N.A,N.A,N.A,N.A,N.A,-,-,Adidas
Tunisia,30,Kappa,MF,17,10-May-95,FC Koln,Ellyes Skhiri,3,0,0,0.67,2.33,3.33,5,-,-,Nike
Tunisia,30,Kappa,MF,14,13-Dec-96,Ferencvaros,Aissa Laidouni,3,0,1,1.1,1.1,1.1,1.47,-,-,Adidas
Tunisia,30,Kappa,MF,13,18-Mar-92,Al-Duhail,Ferjani Sassi,2,0,0,1,1.96,3.91,N.A,-,-,Nike
Tunisia,30,Kappa,MF,18,28-Feb-94,Esperance de Tunis,Ghailene Chaalali,N.A,N.A,N.A,N.A,N.A,N.A,N.A,-,-,Nike
Tunisia,30,Kappa,MF,8,21-Jan-03,Manchester United,Hannibal Mejbri,1,0,0,0,N.A,N.A,N.A,-,-,Adidas
Tunisia,30,Kappa,MF,15,6-Sep-99,Esperance de Tunis,Mohamed Ali Ben Romdhane,1,0,0,1.22,0,6.08,N.A,-,-,Nike
Tunisia,30,Kappa,FW,19,12-Feb-93,Zamalek,Seifeddine Jaziri,N.A,N.A,N.A,N.A,N.A,N.A,N.A,-,-,Nike
Tunisia,30,Kappa,FW,26,27-Jul-92,Al-Ettifaq,Naim Sliti,2,0,0,4.78,0,2.39,N.A,-,-,Adidas
Tunisia,30,Kappa,FW,11,6-Jan-92,Kuwait SC,Taha Yassine Khenissi,2,0,0,0,0,0,3.33,-,-,Nike
Tunisia,30,Kappa,FW,25,16-Mar-01,Brondby,Anis Ben Slimane,2,0,0,0.6,0.6,1.8,9,-,-,Nike
Tunisia,30,Kappa,FW,9,25-Dec-91,OB,Issam Jebali,3,0,0,0.98,0,1.48,4.91,-,-,Mizuno
Tunisia,30,Kappa,FW,10,8-Feb-91,Montpellier,Wahbi Khazri,2,1,0,1,0,2.17,4.34,-,-,Nike
Tunisia,30,Kappa,FW,7,28-Oct-90,Al-Duhail,Youssef Msakni,2,0,0,2.65,0,1.59,9,-,-,Nike
Germany,14,Adidas,GK,1,27-Mar-86,Bayern Munich,Manuel Neuer,3,-,-,-,-,-,-,61.54%,0%,Adidas
Germany,14,Adidas,GK,22,30-Apr-92,Barcelona,Marc-Andre ter Stegen,0,-,-,-,-,-,-,-,-,Adidas
Germany,14,Adidas,GK,12,8-Jul-90,Eintracht Frankfurt,Kevin Trapp,0,-,-,-,-,-,-,-,-,Adidas
Germany,14,Adidas,DF,2,3-Mar-93,Real Madrid,Antonio Rudiger,3,0,0,0,0,0.67,5.67,-,-,Nike
Germany,14,Adidas,DF,4,18-Jan-94,Freiburg,Matthias Ginter,N.A,N.A,N.A,N.A,N.A,N.A,N.A,-,-,Nike
Germany,14,Adidas,DF,15,3-Sep-95,Borussia Dortmund,Niklas Sule,3,0,0,0,0,1.67,6.33,-,-,Nike
Germany,14,Adidas,DF,5,21-Sep-96,West Ham,Thilo Kehrer,1,0,0,0,2.57,7.71,7.71,-,-,Nike
Germany,14,Adidas,DF,16,3-Jun-96,RB Leipzig,Lukas Klostermann,2,0,0,0,0,4.22,4.22,-,-,Nike
Germany,14,Adidas,DF,3,22-Apr-98,RB Leipzig,David Raum,3,0,1,1.11,2.58,1.84,7.37,-,-,Nike
Germany,14,Adidas,DF,20,28-Feb-93,Freiburg,Christian Gunter,N.A,N.A,N.A,N.A,N.A,N.A,N.A,-,-,Puma
Germany,14,Adidas,DF,23,1-Dec-99,Borussia Dortmund,Nico Schlotterbeck,2,0,0,1.94,0.97,3.87,8.71,-,-,Adidas
Germany,14,Adidas,DF,25,11-Dec-01,Southampton,Armel Bella-Kotchap,N.A,N.A,N.A,N.A,N.A,N.A,N.A,-,-,Adidas
Germany,14,Adidas,MF,6,8-Feb-95,Bayern Munich,Joshua Kimmich,3,0,0,1.67,1.33,1.67,4.67,-,-,Nike
Germany,14,Adidas,MF,11,3-Jun-92,Eintracht Frankfurt,Mario Gotze,2,0,0,1,0,N.A,N.A,-,-,Nike
Germany,14,Adidas,MF,21,24-Oct-90,Manchester City,Ilkay Gundogan,3,1,0,0.94,0.47,1.41,6.1,-,-,Adidas
Germany,14,Adidas,MF,8,6-Feb-95,Bayern Munich,Leon Goretzka,3,0,0,0,0.57,2.83,7.93,-,-,Adidas
Germany,14,Adidas,MF,17,2-May-96,Borussia Dortmund,Julian Brandt,N.A,N.A,N.A,N.A,N.A,N.A,N.A,-,-,Nike
Germany,14,Adidas,MF,7,11-Jun-99,Chelsea,Kai Havertz,2,2,0,0,0.87,0.87,0.87,-,-,Nike
Germany,14,Adidas,MF,14,26-Feb-03,Bayern Munich,Jamal Musiala,3,0,1,10.08,0.35,0.35,9.04,-,-,Nike
Germany,14,Adidas,MF,18,14-Jul-92,Borussia Monchengladbach,Jonas Hofmann,2,0,0,3.21,0,0,0,-,-,Puma
Germany,14,Adidas,FW,13,13-Sep-89,Bayern Munich,Thomas Muller,3,0,0,0,0.44,0.89,2.21,-,-,Adidas
Germany,14,Adidas,FW,19,11-Jan-96,Bayern Munich,Leroy Sane,2,0,1,4.09,0,0.82,3.87,-,-,Nike
Germany,14,Adidas,FW,10,14-Jul-95,Bayern Munich,Serge Gnabry,3,1,1,1.7,68,1.7,3.4,-,-,Adidas
Germany,14,Adidas,FW,24,18-Jan-02,Borussia Dortmund,Karim Adeyemi,N.A,N.A,N.A,N.A,N.A,N.A,N.A,-,-,Nike
Germany,14,Adidas,FW,9,9-Feb-93,Werder Bremen,Niclas Fullkrug,3,2,1,0.33,0,0,13.63,-,-,Nike
Germany,14,Adidas,FW,26,20-Nov-04,Borussia Dortmund,Youssoufa Moukoko,1,0,0,0,0,0,0,-,-,Nike
Costa Rica,32,New Balance,GK,1,15-Dec-86,PSG,Keylor Navas,3,-,-,-,-,-,-,50%,33%,Adidas
Costa Rica,32,New Balance,GK,18,28-Apr-89,Herediano,Esteban Alvarado,0,-,-,-,-,-,-,-,-,Adidas
Costa Rica,32,New Balance,GK,23,1-Mar-99,Lugo,Patrick Sequeira,0,-,-,-,-,-,-,-,-,Nike
Costa Rica,32,New Balance,DF,8,18-Feb-90,Real Salt Lake,Bryan Oviedo,N.A,N.A,N.A,N.A,N.A,N.A,N.A,-,-,Nike
Costa Rica,32,New Balance,DF,6,3-Jun-89,Al-Wehda,Oscar Duarte,3,0,0,0,2.33,1.33,2.67,-,-,Adidas
Costa Rica,32,New Balance,DF,19,1-Jan-88,Aprissa,Kendall Waston,3,0,0,0,2.01,2.81,6.02,-,-,New Balance
Costa Rica,32,New Balance,DF,22,9-Jul-94,Cincinnati,Ronald Matarrita,N.A,N.A,N.A,N.A,N.A,N.A,N.A,-,-,Nike
Costa Rica,32,New Balance,DF,4,12-Jul-94,Herediano,Keysher Fuller,3,1,0,0.71,0.71,1.77,3.54,-,-,Nike
Costa Rica,32,New Balance,DF,3,6-Jun-95,Millonarios,Juan Pablo Vargas,N.A,N.A,N.A,N.A,N.A,N.A,N.A,-,-,Nike
Costa Rica,32,New Balance,DF,16,30-Mar-99,San Carlos,Carlos Martinez,1,0,0,0,1.96,1.96,5.87,-,-,Nike
Costa Rica,32,New Balance,MF,5,27-May-88,Alajuelense,Celso Borges,3,0,0,0.72,1.79,1.79,6.81,-,-,Nike
Costa Rica,32,New Balance,MF,10,18-Aug-85,Alajuelense,Bryan Ruiz,N.A,N.A,N.A,N.A,N.A,N.A,N.A,-,-,Adidas
Costa Rica,32,New Balance,MF,17,17-Mar-92,Herediano,Yeltsin Tejeda,3,1,1,33,0.33,1.33,4.66,-,-,Nike
Costa Rica,32,New Balance,MF,13,28-Aug-97,Herediano,Gerson Torres,1,0,0,0,0,0,11.08,-,-,Nike
Costa Rica,32,New Balance,MF,9,15-Jun-04,Sunderland,Jewison Bennette,3,0,0,3.53,0,0,2.65,-,-,Nike
Costa Rica,32,New Balance,MF,2,11-Apr-01,Colorado Rapids,Daniel Chacon,N.A,N.A,N.A,N.A,N.A,N.A,N.A,-,-,Adidas
Costa Rica,32,New Balance,MF,14,17-Jun-96,Saprissa,Youstin Salas,N.A,N.A,N.A,N.A,N.A,N.A,N.A,-,-,Puma
Costa Rica,32,New Balance,MF,24,1-May-02,Municipal Grecia,Roan Wilson,1,0,0,0,0,0,0,-,-,Adidas
Costa Rica,32,New Balance,MF,20,28-Jun-03,Nottingham Forest,Brandon Aguilera,3,0,0,N.A,N.A,N.A,N.A,-,-,Nike
Costa Rica,32,New Balance,MF,21,21-Sep-98,Herediano,Douglas Lopez,N.A,N.A,N.A,N.A,N.A,N.A,N.A,-,-,Nike
Costa Rica,32,New Balance,MF,25,11-Oct-01,Puntarenas,Anthony Hernandez,N.A,N.A,N.A,N.A,N.A,N.A,N.A,-,-,Nike
Costa Rica,32,New Balance,MF,26,9-Mar-02,Saprissa,Alvaro Zamora,N.A,N.A,N.A,N.A,N.A,N.A,N.A,-,-,Nike
Costa Rica,32,New Balance,FW,12,26-Jun-92,Leon,Joel Campbell,3,0,0,3,0,3,12,-,-,Pima
Costa Rica,32,New Balance,FW,11,27-Nov-88,Alajuelense,Johan Venegas,1,0,0,1.22,0,0,1.22,-,-,Nike
Costa Rica,32,New Balance,FW,7,29-Jan-00,Herediano,Anthony Contreras,3,0,0,0,0.71,3.57,11.43,-,-,Nike
Belgium,4,Adidas,GK,1,11-May-92,Real Madrid,Thibaut Courtois,3,-,-,-,-,-,-,81.82%,67%,Nike
Belgium,4,Adidas,GK,12,6-Mar-88,Club Brugge,Simon Mignolet,0,-,-,-,-,-,-,-,-,Nike
Belgium,4,Adidas,GK,13,25-Jun-92,Wolfsburg,Koen Casteels,0,-,-,-,-,-,-,-,-,Nike
Belgium,4,Adidas,DF,2,2-Mar-89,Antwerp,Toby Alderweireld,3,0,1,0,0,1.33,2,-,-,Nike
Belgium,4,Adidas,DF,3,25-May-00,Rennes,Arthur Theate,N.A,N.A,N.A,N.A,N.A,N.A,N.A,-,-,Puma
Belgium,4,Adidas,DF,26,24-Oct-03,Anderlecht,Zeno Debast,N.A,N.A,N.A,N.A,N.A,N.A,N.A,-,-,Nike
Belgium,4,Adidas,DF,5,24-Apr-87,Anderlecht,Jan Vertonghen,3,0,0,0,1.67,0,9.34,-,-,Nike
Belgium,4,Adidas,DF,4,3-Apr-98,Leicester City,Wout Faes,N.A,N.A,N.A,N.A,N.A,N.A,N.A,-,-,Nike
Belgium,4,Adidas,DF,21,5-Dec-95,Leicester,Timothy Castagne,3,0,0,0.33,0.67,2,4.33,-,-,Adidas
Belgium,4,Adidas,DF,15,12-Sep-91,Borussia Dortmund,Thomas Meunier,3,0,0,0.85,0.85,2.55,5.1,-,-,Adidas
Belgium,4,Adidas,MF,16,29-Mar-93,Borussia Dortmund,Thorgan Hazard,2,0,0,1.7,0,2.55,4.25,-,-,Nike
Belgium,4,Adidas,MF,7,28-Jun-91,Manchester City,Kevin De Bruyne,3,0,0,1.67,0,0.33,4.33,-,-,Nike
Belgium,4,Adidas,MF,11,4-Sep-93,Atletico Madrid,Yannick Carrasco,2,0,0,2.29,0.76,3.81,6.1,-,-,Nike
Belgium,4,Adidas,MF,19,15-Apr-95,Aston Villa,Leander Dendoncker,N.A,N.A,N.A,N.A,N.A,N.A,N.A,-,-,Nike
Belgium,4,Adidas,MF,8,7-May-97,Leicester City,Youri Tielemans,3,0,0,0,1.91,2.87,7.65,-,-,Nike
Belgium,4,Adidas,MF,20,24-Aug-92,Club Brugge,Hans Vanaken,N.A,N.A,N.A,N.A,N.A,N.A,N.A,-,-,Nike
Belgium,4,Adidas,MF,6,12-Jan-89,Atletico Madrid,Axel Witsel,3,0,0,0,1.33,1.33,5.66,-,-,Puma
Belgium,4,Adidas,MF,22,10-Mar-01,AC Milan,Charles De Ketelaere,1,0,0,N.A,N.A,N.A,N.A,-,-,Adidas
Belgium,4,Adidas,FW,25,27-May-02,Rennes,Jeremy Doku,N.A,N.A,N.A,N.A,N.A,N.A,N.A,-,-,Nike
Belgium,4,Adidas,FW,10,7-Jan-91,Real Madrid,Eden Hazard,2,0,0,5.04,0.72,0,9.36,-,-,Nike
Belgium,4,Adidas,FW,14,6-May-87,Galatasaray,Dries Mertens,2,0,0,1.18,0,2.37,3.55,-,-,Nike
Belgium,4,Adidas,FW,17,4-Dec-94,Brighton,Leandro Trossard,3,0,0,3.53,0,0,1.76,-,-,Adidas
Belgium,4,Adidas,FW,23,2-Oct-93,Fenerbahce,Michy Batshuayi,2,1,0,1.76,0,0.59,3.04,-,-,Adidas
Belgium,4,Adidas,FW,24,16-Feb-00,Lens,Lois Openda,1,0,0,1,0,7.5,N.A,-,-,Adidas
Belgium,4,Adidas,FW,9,13-May-93,Inter,Romelu Lukaku,2,0,0,1.7,0,0,5.1,-,-,Nike
Cameroon,33,One All Sports,GK,23,2-Apr-96,Inter,Andre Onana,1,-,-,-,-,-,-,66.67%,0%,Adidas
Cameroon,33,One All Sports,GK,16,2-Feb-93,Abha,Davis Epassy,2,-,-,-,-,-,-,75%,50%,Lotto
Cameroon,33,One All Sports,GK,1,12-Apr-93,Marseille,Simon Ngapandouetnbu,0,-,-,-,-,-,-,-,-,Puma
Cameroon,33,One All Sports,DF,24,11-Mar-99,Udinese,Enzo Ebosse,1,0,0,0,0,4,N.A,-,-,Adidas
Cameroon,33,One All Sports,DF,19,13-Aug-92,Al-Tai,Collins Fai,3,0,0,0.33,1.33,1,3.1,-,-,Nike
Cameroon,33,One All Sports,DF,17,15-Aug-97,Philadelphia Union,Olivier Mbaizo,N.A,N.A,N.A,N.A,N.A,N.A,N.A,-,-,Adidas
Cameroon,33,One All Sports,DF,21,26-Jan-95,Nantes,Jean Charles Castelletto,2,1,1,0,3,1.5,6,-,-,
Cameroon,33,One All Sports,DF,25,23-Jun-97,Seattle Sounders,Nouhou Tolo,3,0,0,1.67,2,3,6.33,-,-,Adidas
Cameroon,33,One All Sports,DF,4,18-Sep-01,Rennes,Christopher Wooh,1,0,0,0,1,2,2,-,-,Puma
Cameroon,33,One All Sports,MF,22,9-Feb-96,Swansea City,Olivier Ntcham,1,0,0,1,0,0,4.09,-,-,Nike
Cameroon,33,One All Sports,MF,5,4-Nov-95,Hannover,Gael Ondoua,2,0,0,0,4,4,10,-,-,Puma
Cameroon,33,One All Sports,MF,15,26-Jul-95,Olympiacos,Pierre Kunde,2,0,0,0,2.67,2.67,4.67,-,-,Nike
Cameroon,33,One All Sports,MF,14,14-Dec-97,Mechelen,Samuel Gouet,2,0,0,0,0,0.91,3.64,-,-,Puma
Cameroon,33,One All Sports,MF,8,16-Nov-95,Napoli,Andre-Frank Zambo Anguissa,3,0,0,1.38,1.72,1.38,6.55,-,-,Adidas
Cameroon,33,One All Sports,MF,2,30-Sep-98,San Diego Loyal SC,Jerome Ngom,N.A,N.A,N.A,N.A,N.A,N.A,N.A,-,-,Nike
Cameroon,33,One All Sports,FW,6,9-Jul-94,Dynamo Moscow,Moumi Ngamaleu,2,0,0,2.84,0,2.84,9.47,-,-,Nike
Cameroon,33,One All Sports,FW,11,18-Oct-95,Shanghai Shenhua,Christian Bassogog,1,0,0,4,3.91,0,N.A,-,-,Nike
Cameroon,33,One All Sports,FW,20,7-Aug-95,Brentford,Bryan Mbeumo,N.A,N.A,N.A,N.A,N.A,N.A,N.A,-,-,Nike
Cameroon,33,One All Sports,FW,7,13-Feb-95,Besiktas,Georges-Kevin Nkoudou,2,0,0,1,0,0,3.6,-,-,Nike
Cameroon,33,One All Sports,FW,9,1-May-93,Young Boys,Jean-Pierre Nsame,N.A,N.A,N.A,N.A,N.A,N.A,N.A,-,-,Nike
Cameroon,33,One All Sports,FW,10,22-Jan-92,Al-Nassr,Vincent Aboubakar,3,2,1,3.83,0,0,6.39,-,-,Nike
Cameroon,33,One All Sports,FW,12,14-Sep-92,Lyon,Karl Toko Ekambi,3,0,0,2.16,0.54,0.54,3.77,-,-,Nike
Cameroon,33,One All Sports,FW,13,23-Mar-89,Bayern Munich,Eric Maxim Choupo-Moting,3,1,0,2.48,0.35,1.42,10.63,-,-,Puma
Cameroon,33,One All Sports,FW,26,3-Dec-00,Coton Sport de Garoua,Souaibou Marou,N.A,N.A,N.A,N.A,N.A,N.A,N.A,-,-,Nike
Serbia,29,Puma,GK,1,24-Jan-92,Sevilla,Marko Dmitrovic,0,-,-,-,-,-,-,-,-,Nike
Serbia,29,Puma,GK,23,20-Feb-97,Torino,Vanja Milinkovic-Savic,3,,,,,,,65.22%,0%,Nike
Serbia,29,Puma,DF,13,22-May-90,Getafe,Stefan Mitrovic,0,-,-,-,-,-,-,-,-,Nike
Serbia,29,Puma,DF,25,15-Aug-91,Legia Warsaw,Filip Mladenovic,1,0,0,2.73,0,0,2.72,-,-,Adidas
Serbia,29,Puma,DF,2,24-May-01,Salzburg,Strahinja Pavlovic,3,1,0,0.38,0.38,3.05,14.11,-,-,Puma
Serbia,29,Puma,DF,5,26-Sep-95,Werder Bremen,Milos Veljkovic,3,0,0,0,0,1.21,2.83,-,-,Nike
Serbia,29,Puma,DF,3,22-Jan-01,Red Star Belgrade,Strahinja Erakovic,N.A,N.A,N.A,N.A,N.A,N.A,N.A,-,-,Puma
Serbia,29,Puma,DF,16,22-Apr-96,Almeria,Srdan Babic,1,0,0,0,0,7.5,7.5,-,-,Nike
Serbia,29,Puma,DF,4,12-Oct-97,Fiorentina,Nikola Milenkovic,3,0,0,0,1.67,3.33,8,-,-,Puma
Serbia,29,Puma,MF,8,16-Nov-91,Sevilla,Nemanja Gudelj,2,0,0,0,0.98,1.96,3.91,-,-,Nike
Serbia,29,Puma,MF,17,1-Nov-92,Juventus,Filip Kostic,2,0,0,1,0,3,3.5,-,-,Nike
Serbia,29,Puma,MF,6,26-Jan-95,Getafe,Nemanja Maksimovic,3,0,0,0,2.27,2.27,3.03,-,-,Puma
Serbia,29,Puma,MF,20,27-Feb-95,Lazio,Sergej Milinkovic-Savic,3,1,0,1.91,0.76,1.91,6.86,-,-,Nike
Serbia,29,Puma,MF,16,13-Aug-96,Torino,Sasa Lukic,3,0,0,0.37,0.37,0.73,2.3,-,-,Nike
Serbia,29,Puma,MF,14,11-Jul-96,PAOK,Andrija Zivkovic,3,0,2,0.42,1.27,2.11,5.5,-,-,Adidas
Serbia,29,Puma,MF,19,17-Mar-98,Braga,Uros Racic,N.A,N.A,N.A,N.A,N.A,N.A,N.A,-,-,Adidas
Serbia,29,Puma,MF,24,17-Mar-01,Verona,Ivan Ilic,1,0,0,0,2.73,0,5.46,-,-,Nike
Serbia,29,Puma,MF,22,15-Sep-90,Verona,Darko Lazovic,1,0,0,0,0,0,3.75,-,-,Adidas
Serbia,29,Puma,MF,26,13-Apr-96,Porto,Marko Grujic,1,0,0,1,0,7.5,N.A,-,-,Nike
Serbia,29,Puma,FW,9,16-Sep-94,Fulham,Aleksandr Mitrovic,3,2,0,0.34,0,0.34,4.45,-,-,Puma
Serbia,29,Puma,FW,18,28-Jan-00,Juventus,Dusan Vlahovic,2,1,0,1.14,0,1.14,7.98,-,-,Nike
Serbia,29,Puma,FW,7,15-Feb-96,Torino,Nemanja Radonjic,3,0,0,3.16,0,0,3.16,-,-,Nike
Serbia,29,Puma,FW,21,30-Jan-92,Sampdoria,Filip Duricic,2,0,0,0,0,0,N.A,-,-,Adidas
Serbia,29,Puma,FW,10,20-Nov-88,Ajax,Dusan Tadic,3,0,2,2.09,0.35,1.4,3.84,-,-,Nike
Ghana,58,Puma,GK,16,8-Feb-99,Eupen,Manaf Nurudeen,0,-,-,-,-,-,-,-,-,Nike
Ghana,58,Puma,GK,12,2-Dec-02,Asante Kotoko,Danlad Ibrahim,0,-,-,-,-,-,-,-,-,Nike
Ghana,58,Puma,GK,1,29-Nov-96,St. Gellen,Lawrence Ati Zigi,3,-,-,-,-,-,-,58.82%,0%,Adidas
Ghana,58,Puma,DF,3,27-May-88,Club Brugge,Denis Odoi,1,0,0,0.58,0,7.5,7.5,-,-,Lotto
Ghana,58,Puma,DF,2,30-Sep-00,Brighton,Tariq Lamptey,2,0,0,1.76,0.88,3.53,5.29,-,-,Adidas
Ghana,58,Puma,DF,26,4-Jun-00,Clermont,Alidu Seidu,2,0,0,2.31,0,3.46,9.81,-,-,Puma
Ghana,58,Puma,DF,18,21-Dec-94,Leicester City,Daniel Amartey,3,0,0,0.33,1,2,6,-,-,Adidas
Ghana,58,Puma,DF,15,29-Sep-95,Celta Vigo,Joseph Aidoo,N.A,N.A,N.A,N.A,N.A,N.A,N.A,-,-,Puma
Ghana,58,Puma,DF,23,9-Aug-94,Strasbourg,Alexander Djiku,2,0,0,0,0.93,0.93,6.5,-,-,Nike
Ghana,58,Puma,DF,4,17-Apr-99,Southampton,Mohammed Salisu,3,1,0,0,1,0.67,6.34,-,-,Nike
Ghana,58,Puma,DF,17,2-Jul-94,Reading,Abdul-Rahman Baba,3,0,0,1.98,0.49,2.47,6.93,-,-,New Balance
Ghana,58,Puma,DF,14,18-Jul-98,Auxerre,Gideon Mensah,1,0,0,0,2.05,1.02,9.2,-,-,Adidas
Ghana,58,Puma,MF,10,17-Dec-89,Al-Sadd,Andre Ayew,3,1,0,0.45,0,1.79,7.61,-,-,Nike
Ghana,58,Puma,MF,5,13-Jun-93,Arsenal,Thomas Partey,3,0,0,0.67,0,3,8.33,-,-,Adidas
Ghana,58,Puma,MF,6,7-Nov-97,Gent,Elisha Owusu,N.A,N.A,N.A,N.A,N.A,N.A,N.A,-,-,Nike
Ghana,58,Puma,MF,21,26-Mar-00,Lens,Salis Abdul Samed,3,0,0,1.07,1.43,0.71,2.5,-,-,Adidas
Ghana,58,Puma,MF,20,2-Aug-00,Ajax,Mohammed Kudus,3,2,0,4.34,0.36,1.81,6.51,-,-,Puma
Ghana,58,Puma,MF,8,9-Mar-96,SC Freiburg,Daniel Kofi Kyereh,3,0,0,2,0,6,N.A,-,-,Nike
Ghana,58,Puma,FW,13,26-Jun-01,Hearts of Oak,Daniel Barnieh Afriyie,N.A,N.A,N.A,N.A,N.A,N.A,N.A,-,-,Puma
Ghana,58,Puma,FW,24,9-Jan-00,Club Brugge,Kamal Sowah,N.A,N.A,N.A,N.A,N.A,N.A,N.A,-,-,Puma
Ghana,58,Puma,FW,7,8-Mar-04,Sporting CP,Issahaku Abdul Fatawu,N.A,N.A,N.A,N.A,N.A,N.A,N.A,-,-,Nike
Ghana,58,Puma,FW,11,13-Dec-98,Red Star Belgrade,Osman Bukari,2,1,0,2,0,1.55,3.1,-,-,Nike
Ghana,58,Puma,FW,19,15-Jun-94,Athletic Club,Inaki Williams,3,0,1,36,0,1.07,3.57,-,-,Nike
Ghana,58,Puma,FW,25,7-Jan-00,Bristol City,Antoine Semenyo,2,0,0,0,0,0,10,-,-,Adidas
Ghana,58,Puma,FW,9,11-Sep-91,Crystal Palace,Jordan Ayew,3,0,1,2.63,0.66,1.97,5.91,-,-,Puma
Ghana,58,Puma,FW,22,15-Feb-02,Rennes,Kamaldeen Sulemana,N.A,N.A,N.A,N.A,N.A,N.A,N.A,-,-,Nike
Uruguay,16,Puma,GK,1,16-Jun-86,Galatasaray,Fernando Muslera,N.A,N.A,N.A,N.A,N.A,N.A,N.A,N.A,N.A,Puma
Uruguay,16,Puma,GK,23,23-Mar-93,Nacional,Sergio Rochet,N.A,N.A,N.A,N.A,N.A,N.A,N.A,N.A,N.A,Nike
Uruguay,16,Puma,GK,12,19-Aug-86,Independiente,Sebastian Sosa,N.A,N.A,N.A,N.A,N.A,N.A,N.A,N.A,N.A,Nike
Uruguay,16,Puma,DF,4,7-Mar-99,Barcelona,Ronald Araujo,N.A,N.A,N.A,N.A,N.A,N.A,N.A,-,-,Nike
Uruguay,16,Puma,DF,22,7-Apr-87,La Galaxy,Martin Caceres,1,0,0,1,0,0,3,-,-,Nike
Uruguay,16,Puma,DF,19,7-Oct-90,Sporting CP,Sebastian Coates,2,0,0,0,0.5,0.5,7.5,-,-,Nike
Uruguay,16,Puma,DF,2,20-Jan-95,Atletico Madrid,Jose Maria Gimenez,3,0,0,0,2.33,1.33,7,-,-,Nike
Uruguay,16,Puma,DF,3,16-Feb-86,Velez Sarsfield,Diego Godin,N.A,N.A,N.A,N.A,N.A,N.A,N.A,-,-,Puma
Uruguay,16,Puma,DF,16,31-Oct-97,Napoli,Mathias Olivera,3,0,0,0.71,0.71,3.18,8.47,-,-,Nike
Uruguay,16,Puma,DF,26,14-Mar-97,Nacional,Jose Luis Rodriguez,N.A,N.A,N.A,N.A,N.A,N.A,N.A,-,-,Puma
Uruguay,16,Puma,DF,17,9-Nov-97,Roma,Matias Vina,N.A,N.A,N.A,N.A,N.A,N.A,N.A,-,-,Nike
Uruguay,16,Puma,DF,13,24-Mar-93,Flamengo,Guillermo Varela,3,0,0,0.99,1.48,1.98,6.92,-,-,Nike
Uruguay,16,Puma,MF,5,24-Aug-91,Lazio,Matias Vecino,3,0,0,0,1.37,1.83,4.57,-,-,Nike
Uruguay,16,Puma,MF,7,1-Jun-97,River Plate,NicolÃ¡s de la Cruz,2,0,0,0.5,0,0,5.14,-,-,Nike
Uruguay,16,Puma,MF,6,25-Jun-97,Tottenham Hotspur,Rodrigo Bentancur,3,0,0,2.1,2.94,3.79,11.35,-,-,Adidas
Uruguay,16,Puma,MF,15,22-Jul-98,Real Madrid,Federico Valverde,3,0,0,1,1.67,1.67,3.33,-,-,Nike
Uruguay,16,Puma,MF,10,1-Jun-94,Flamengo,Giorgian de Arrascaeta,N.A,N.A,N.A,N.A,N.A,N.A,N.A,-,-,Nike
Uruguay,16,Puma,MF,14,11-Feb-96,Galatasaray,Lucas Torreira,N.A,N.A,N.A,N.A,N.A,N.A,N.A,-,-,Adidas
Uruguay,16,Puma,MF,20,13-Apr-00,Orlando City ,Facundo Torres,N.A,N.A,N.A,N.A,N.A,N.A,N.A,-,-,Nike
Uruguay,16,Puma,MF,25,11-Apr-01,Sporting CP,Manuel Ugarte,N.A,N.A,N.A,N.A,N.A,N.A,N.A,-,-,Adidas
Uruguay,16,Puma,FW,9,24-Jan-87,Nacional,Luis Suarez,N.A,N.A,N.A,N.A,N.A,N.A,N.A,-,-,Puma
Uruguay,16,Puma,FW,21,14-Feb-87,Valencia,Edinson Cavani,3,0,0,0,0,0,1.48,-,-,Nike
Uruguay,16,Puma,FW,18,14-Aug-96,Trabzonspor,Maxi Gomez,2,0,0,0,0,0,N.A,-,-,Adidas
Uruguay,16,Puma,FW,11,24-Jun-99,Liverpool,Darwin Nunez,3,0,0,0.74,0,1.12,5.95,-,-,Nike
Uruguay,16,Puma,FW,8,20-Dec-01,Manchester United,Facundo Pellistri,3,0,0,2.97,0,0.99,1.98,-,-,Nike
Uruguay,16,Puma,FW,24,1-Oct-98,Athletico Paranaense,Agustin Canobbio,N.A,N.A,N.A,N.A,N.A,N.A,N.A,-,-,Nike
Canada,53,Nike,GK,16,21-Feb-97,CF Montreal ,James Paternis,0,-,-,-,-,-,-,-,-,Adidas
Canada,53,Nike,GK,18,23-Oct-87,Red Star Belgrade,Milan Borjan,3,-,-,-,-,-,-,53.33%,0%,Nike
Canada,53,Nike,GK,1,9-May-97,Minnesota United,Dayne St Clair,0,-,-,-,-,-,-,-,-,Adidas
Canada,53,Nike,DF,2,8-Oct-98,Celtic,Alistair Johnson,3,0,0,0.33,0.67,1.33,4.67,-,-,Adidas
Canada,53,Nike,DF,3,16-Jan-95,Hatayspor,Sam Adekugbe,3,0,0,0.95,0.95,0,4.73,-,-,Adidas
Canada,53,Nike,DF,4,16-May-97,Montreal Impact,Kamal Miller,3,0,0,0.67,1,2,7.33,-,-,Nike
Canada,53,Nike,DF,5,11-Jan-87,GD Chaves,Steven VitÃ_ria,3,0,0,0,0,1.33,5.66,-,-,Nike
Canada,53,Nike,DF,22,7-Jan-95,Toronto,Richie Laryea,3,0,0,2,0,1.68,3.91,-,-,Nike
Canada,53,Nike,DF,25,25-Nov-97,Panaitolikos,Derek Cornelius,N.A,N.A,N.A,N.A,N.A,N.A,N.A,-,-,Nike
Canada,53,Nike,DF,26,24-Jan-96,Montreal Impact,Joel Waterman,N.A,N.A,N.A,N.A,N.A,N.A,N.A,-,-,Nike
Canada,53,Nike,MF,6,12-Nov-94,Montreal Impact,Samuel Piette,N.A,N.A,N.A,N.A,N.A,N.A,N.A,-,-,Adidas
Canada,53,Nike,MF,7,21-Dec-96,Porto,Stephen Eustaquio,2,0,0,0.71,1.42,2.83,5.67,-,-,Nike
Canada,53,Nike,MF,13,8-Feb-83,Besiktas,Atiba Hutchinson,3,0,0,0.56,0.56,2.25,9.56,-,-,Nike
Canada,53,Nike,MF,14,4-Dec-94,Toronto,Mark-Anthony Kaye,1,0,0,0,0,3,4.5,-,-,Adidas
Canada,53,Nike,MF,21,12-Jun-92,Toronto,Jonathan Osorio,N.A,N.A,N.A,N.A,N.A,N.A,N.A,-,-,Nike
Canada,53,Nike,MF,24,16-Jan-90,St. Johnstone,David Wotherspoon,1,0,0,1,0,0,N.A,-,-,Nike
Canada,53,Nike,MF,8,13-Feb-98,KMSK Deinze,Liam Fraser,N.A,N.A,N.A,N.A,N.A,N.A,N.A,-,-,Adidas
Canada,53,Nike,MF,15,6-Jun-02,Watford,Ismael Kone,3,0,0,0,0,0,0.86,-,-,Nike
Canada,53,Nike,FW,9,28-Dec-92,Vancouver Whitecaps,Lucas Cavallini,1,0,0,0,0,0,0,-,-,Nike
Canada,53,Nike,FW,10,5-Jun-90,Reading,Junior Hoilett,3,0,0,1.33,0.56,4.44,8.33,-,-,Nike
Canada,53,Nike,FW,11,8-Feb-99,Club Brugge,Tajon Buchanan,3,0,1,6.21,1.03,0.34,5.17,-,-,Adidas
Canada,53,Nike,FW,17,17-Apr-95,Club Brugge,Cyle Larin,3,0,0,1.33,0,0,1.95,-,-,Nike
Canada,53,Nike,FW,19,2-Nov-00,Bayern Munich,Alphonso Davies,3,1,0,6,1,0.67,6.67,-,-,Nike
Canada,53,Nike,FW,20,14-Jan-00,Lille,Jonathan David,3,0,0,1.41,0,0.47,1.88,-,-,Adidas
Canada,53,Nike,FW,23,27-Sep-99,Basel,Liam Millar,1,0,0,0,0,0,0,-,-,Adidas
Canada,53,Nike,FW,12,21-Sep-98,Troyes,Ike Ugbo,N.A,N.A,N.A,N.A,N.A,N.A,N.A,-,-,Nike